ingredient,skin_type,label
글리세린,건성,GOOD
글리세린,지성,NORMAL
글리세린,복합성,GOOD
부틸렌글라이콜,건성,NORMAL
부틸렌글라이콜,지성,NORMAL
부틸렌글라이콜,복합성,NORMAL
스쿠알렌,건성,GOOD
스쿠알렌,지성,GOOD
스쿠알렌,복합성,GOOD
세테아레스-20,건성,GOOD
세테아레스-20,지성,NORMAL
세테아레스-20,복합성,NORMAL
글리세릴스테아레이트,건성,GOOD
글리세릴스테아레이트,지성,CAUTION
글리세릴스테아레이트,복합성,NORMAL
글리세릴스테아레이트에스이,건성,NORMAL
글리세릴스테아레이트에스이,지성,NORMAL
글리세릴스테아레이트에스이,복합성,NORMAL
포타슘소르베이트,건성,NORMAL
포타슘소르베이트,지성,NORMAL
포타슘소르베이트,복합성,NORMAL
카프릴릴글라이콜,건성,CAUTION
카프릴릴글라이콜,지성,NORMAL
카프릴릴글라이콜,복합성,NORMAL
스쿠알란,건성,GOOD
스쿠알란,지성,GOOD
스쿠알란,복합성,GOOD
잔탄검,건성,NORMAL
잔탄검,지성,NORMAL
잔탄검,복합성,NORMAL
페녹시에탄올,건성,NORMAL
페녹시에탄올,지성,NORMAL
페녹시에탄올,복합성,NORMAL
소듐하이드록사이드,건성,NORMAL
소듐하이드록사이드,지성,NORMAL
소듐하이드록사이드,복합성,NORMAL
에톡시다이글라이콜,건성,NORMAL
에톡시다이글라이콜,지성,NORMAL
에톡시다이글라이콜,복합성,NORMAL
카보머,건성,NORMAL
카보머,지성,NORMAL
카보머,복합성,NORMAL
하이알루론산,건성,GOOD
하이알루론산,지성,GOOD
하이알루론산,복합성,GOOD
라우레스-23,건성,GOOD
라우레스-23,지성,CAUTION
라우레스-23,복합성,NORMAL
병풀추출물,건성,GOOD
병풀추출물,지성,NORMAL
병풀추출물,복합성,NORMAL
소듐파이테이트,건성,NORMAL
소듐파이테이트,지성,NORMAL
소듐파이테이트,복합성,NORMAL
트라이에탄올아민,건성,CAUTION
트라이에탄올아민,지성,NORMAL
트라이에탄올아민,복합성,CAUTION
락틱애씨드,건성,GOOD
락틱애씨드,지성,GOOD
락틱애씨드,복합성,NORMAL
아스코빅애씨드,건성,GOOD
아스코빅애씨드,지성,NORMAL
아스코빅애씨드,복합성,GOOD
페룰릭애씨드,건성,NORMAL
페룰릭애씨드,지성,NORMAL
페룰릭애씨드,복합성,NORMAL
리모넨,건성,CAUTION
리모넨,지성,CAUTION
리모넨,복합성,CAUTION
판테놀,건성,GOOD
판테놀,지성,NORMAL
판테놀,복합성,GOOD
보검선인장추출물,건성,NORMAL
보검선인장추출물,지성,NORMAL
보검선인장추출물,복합성,NORMAL
글라이콜릭애씨드,건성,CAUTION
글라이콜릭애씨드,지성,GOOD
글라이콜릭애씨드,복합성,NORMAL
리날룰,건성,CAUTION
리날룰,지성,CAUTION
리날룰,복합성,CAUTION
토코페롤,건성,NORMAL
토코페롤,지성,NORMAL
토코페롤,복합성,NORMAL
바이오사카라이드검-1,건성,GOOD
바이오사카라이드검-1,지성,GOOD
바이오사카라이드검-1,복합성,GOOD
베타글루칸,건성,GOOD
베타글루칸,지성,NORMAL
베타글루칸,복합성,GOOD
락토코쿠스발효용해물,건성,GOOD
락토코쿠스발효용해물,지성,NORMAL
락토코쿠스발효용해물,복합성,GOOD
사카로미세스세레비시아추출물,건성,GOOD
사카로미세스세레비시아추출물,지성,NORMAL
사카로미세스세레비시아추출물,복합성,GOOD
정제수,건성,CAUTION
정제수,지성,NORMAL
정제수,복합성,CAUTION
사카로미세스발효여과물,건성,GOOD
사카로미세스발효여과물,지성,NORMAL
사카로미세스발효여과물,복합성,GOOD
시트로넬올,건성,CAUTION
시트로넬올,지성,CAUTION
시트로넬올,복합성,CAUTION
토코페릴아세테이트,건성,NORMAL
토코페릴아세테이트,지성,NORMAL
토코페릴아세테이트,복합성,NORMAL
비피다발효용해물,건성,GOOD
비피다발효용해물,지성,NORMAL
비피다발효용해물,복합성,NORMAL
아크릴레이트/C10-30알킬아크릴레이트크로스폴리머,건성,NORMAL
아크릴레이트/C10-30알킬아크릴레이트크로스폴리머,지성,NORMAL
아크릴레이트/C10-30알킬아크릴레이트크로스폴리머,복합성,NORMAL
소듐하이알루로네이트,건성,GOOD
소듐하이알루로네이트,지성,GOOD
소듐하이알루로네이트,복합성,GOOD
아젤라익애씨드,건성,NORMAL
아젤라익애씨드,지성,GOOD
아젤라익애씨드,복합성,GOOD
프로필렌글라이콜,건성,CAUTION
프로필렌글라이콜,지성,NORMAL
프로필렌글라이콜,복합성,NORMAL
살리실릭애씨드,건성,CAUTION
살리실릭애씨드,지성,GOOD
살리실릭애씨드,복합성,NORMAL
향료,건성,CAUTION
향료,지성,CAUTION
향료,복합성,CAUTION
팔미토일포도나무순추출물,건성,NORMAL
팔미토일포도나무순추출물,지성,NORMAL
팔미토일포도나무순추출물,복합성,NORMAL
오이열매추출물,건성,GOOD
오이열매추출물,지성,NORMAL
오이열매추출물,복합성,NORMAL
시트릭애씨드,건성,NORMAL
시트릭애씨드,지성,NORMAL
시트릭애씨드,복합성,NORMAL
녹차추출물,건성,NORMAL
녹차추출물,지성,GOOD
녹차추출물,복합성,NORMAL
라즈베리열매추출물,건성,NORMAL
라즈베리열매추출물,지성,NORMAL
라즈베리열매추출물,복합성,NORMAL
마룰라씨오일,건성,GOOD
마룰라씨오일,지성,NORMAL
마룰라씨오일,복합성,NORMAL
포도즙추출물,건성,NORMAL
포도즙추출물,지성,NORMAL
포도즙추출물,복합성,NORMAL
소듐하이알루로네이트크로스폴리머,건성,GOOD
소듐하이알루로네이트크로스폴리머,지성,NORMAL
소듐하이알루로네이트크로스폴리머,복합성,NORMAL
프로판다이올,건성,NORMAL
프로판다이올,지성,NORMAL
프로판다이올,복합성,NORMAL
알로에베라잎즙,건성,NORMAL
알로에베라잎즙,지성,NORMAL
알로에베라잎즙,복합성,NORMAL
서양칠엽수씨추출물,건성,NORMAL
서양칠엽수씨추출물,지성,NORMAL
서양칠엽수씨추출물,복합성,NORMAL
알란토인,건성,GOOD
알란토인,지성,NORMAL
알란토인,복합성,GOOD
하이드록시에틸셀룰로오스,건성,NORMAL
하이드록시에틸셀룰로오스,지성,NORMAL
하이드록시에틸셀룰로오스,복합성,NORMAL
부들레야다비디분열조직세포배양물,건성,NORMAL
부들레야다비디분열조직세포배양물,지성,NORMAL
부들레야다비디분열조직세포배양물,복합성,NORMAL
월귤잎추출물,건성,NORMAL
월귤잎추출물,지성,NORMAL
월귤잎추출물,복합성,NORMAL
폴리솔베이트20,건성,NORMAL
폴리솔베이트20,지성,NORMAL
폴리솔베이트20,복합성,NORMAL
에틸헥실글리크에르이느,건성,NORMAL
에틸헥실글리크에르이느,지성,NORMAL
에틸헥실글리크에르이느,복합성,NORMAL
사카로미세스발효물,건성,NORMAL
사카로미세스발효물,지성,NORMAL
사카로미세스발효물,복합성,NORMAL
글리크에르에티-26,건성,GOOD
글리크에르에티-26,지성,NORMAL
글리크에르에티-26,복합성,NORMAL
헥실렌글라이콜,건성,CAUTION
헥실렌글라이콜,지성,NORMAL
헥실렌글라이콜,복합성,NORMAL
동백나무잎추출물,건성,NORMAL
동백나무잎추출물,지성,NORMAL
동백나무잎추출물,복합성,NORMAL
테트라소듐이디티에이,건성,NORMAL
테트라소듐이디티에이,지성,NORMAL
테트라소듐이디티에이,복합성,NORMAL
메틸프로판다이올,건성,NORMAL
메틸프로판다이올,지성,NORMAL
메틸프로판다이올,복합성,NORMAL
나이아신아마이드,건성,GOOD
나이아신아마이드,지성,GOOD
나이아신아마이드,복합성,GOOD
암모늄 글라이콜레이트,건성,NORMAL
암모늄 글라이콜레이트,지성,GOOD
암모늄 글라이콜레이트,복합성,NORMAL
위치하젤잎추출물,건성,CAUTION
위치하젤잎추출물,지성,GOOD
위치하젤잎추출물,복합성,GOOD
그알아크트오아르아브이느아느,건성,GOOD
그알아크트오아르아브이느아느,지성,NORMAL
그알아크트오아르아브이느아느,복합성,NORMAL
아데노신,건성,GOOD
아데노신,지성,NORMAL
아데노신,복합성,NORMAL
글루코오스,건성,GOOD
글루코오스,지성,NORMAL
글루코오스,복합성,NORMAL
프룩토오스,건성,GOOD
프룩토오스,지성,NORMAL
프룩토오스,복합성,NORMAL
덱스트린,건성,NORMAL
덱스트린,지성,NORMAL
덱스트린,복합성,NORMAL
우레아,건성,GOOD
우레아,지성,NORMAL
우레아,복합성,GOOD
수크로오스,건성,GOOD
수크로오스,지성,NORMAL
수크로오스,복합성,NORMAL
알라닌,건성,NORMAL
알라닌,지성,NORMAL
알라닌,복합성,NORMAL
글루타믹애씨드,건성,GOOD
글루타믹애씨드,지성,NORMAL
글루타믹애씨드,복합성,GOOD
헥실 니코티네이트,건성,GOOD
헥실 니코티네이트,지성,NORMAL
헥실 니코티네이트,복합성,NORMAL
바이오틴,건성,NORMAL
바이오틴,지성,NORMAL
바이오틴,복합성,NORMAL
카프릴릭/카프릭트라이글리세라이드,건성,GOOD
카프릴릭/카프릭트라이글리세라이드,지성,NORMAL
카프릴릭/카프릭트라이글리세라이드,복합성,GOOD
헤이즐넛씨오일,건성,GOOD
헤이즐넛씨오일,지성,NORMAL
헤이즐넛씨오일,복합성,NORMAL
프로필엔 글라이콜 다이카프릴레이트/다이카프레이트,건성,GOOD
프로필엔 글라이콜 다이카프릴레이트/다이카프레이트,지성,GOOD
프로필엔 글라이콜 다이카프릴레이트/다이카프레이트,복합성,NORMAL
스위트아몬드오일,건성,GOOD
스위트아몬드오일,지성,NORMAL
스위트아몬드오일,복합성,NORMAL
밀배아추출물,건성,NORMAL
밀배아추출물,지성,NORMAL
밀배아추출물,복합성,NORMAL
소듐벤조에이트,건성,NORMAL
소듐벤조에이트,지성,NORMAL
소듐벤조에이트,복합성,NORMAL
펜틸렌글라이콜,건성,NORMAL
펜틸렌글라이콜,지성,NORMAL
펜틸렌글라이콜,복합성,NORMAL
인삼뿌리추출물,건성,NORMAL
인삼뿌리추출물,지성,NORMAL
인삼뿌리추출물,복합성,NORMAL
레티닐팔미테이트,건성,NORMAL
레티닐팔미테이트,지성,NORMAL
레티닐팔미테이트,복합성,NORMAL
BHA,건성,CAUTION
BHA,지성,GOOD
BHA,복합성,NORMAL
폴리아크릴아마이드,건성,NORMAL
폴리아크릴아마이드,지성,CAUTION
폴리아크릴아마이드,복합성,NORMAL
에틸 리놀레네이트,건성,NORMAL
에틸 리놀레네이트,지성,NORMAL
에틸 리놀레네이트,복합성,NORMAL
프-아느이스익 애씨드,건성,NORMAL
프-아느이스익 애씨드,지성,NORMAL
프-아느이스익 애씨드,복합성,NORMAL
세테아릴알코올,건성,NORMAL
세테아릴알코올,지성,NORMAL
세테아릴알코올,복합성,NORMAL
세틸 팔미테이트,건성,GOOD
세틸 팔미테이트,지성,CAUTION
세틸 팔미테이트,복합성,NORMAL
BHT,건성,NORMAL
BHT,지성,NORMAL
BHT,복합성,NORMAL
마그네슘클로라이드,건성,NORMAL
마그네슘클로라이드,지성,NORMAL
마그네슘클로라이드,복합성,NORMAL
라우레스-7,건성,GOOD
라우레스-7,지성,CAUTION
라우레스-7,복합성,NORMAL
브인그아르,건성,CAUTION
브인그아르,지성,CAUTION
브인그아르,복합성,CAUTION
C13-14 아이소파라핀,건성,GOOD
C13-14 아이소파라핀,지성,CAUTION
C13-14 아이소파라핀,복합성,NORMAL
세린,건성,GOOD
세린,지성,NORMAL
세린,복합성,NORMAL
세테아릴 아이소노나노에이트,건성,NORMAL
세테아릴 아이소노나노에이트,지성,NORMAL
세테아릴 아이소노나노에이트,복합성,NORMAL
코크흐르에아르이아 아르모라시아 뿌리추출물,건성,NORMAL
코크흐르에아르이아 아르모라시아 뿌리추출물,지성,NORMAL
코크흐르에아르이아 아르모라시아 뿌리추출물,복합성,NORMAL
소듐락테이트,건성,NORMAL
소듐락테이트,지성,NORMAL
소듐락테이트,복합성,NORMAL
소듐살리실레이트,건성,NORMAL
소듐살리실레이트,지성,GOOD
소듐살리실레이트,복합성,NORMAL
아르크트이움 라파 뿌리추출물,건성,NORMAL
아르크트이움 라파 뿌리추출물,지성,CAUTION
아르크트이움 라파 뿌리추출물,복합성,NORMAL
아르니카 몬타나 꽃추출물,건성,NORMAL
아르니카 몬타나 꽃추출물,지성,NORMAL
아르니카 몬타나 꽃추출물,복합성,NORMAL
트에아-락테이트,건성,NORMAL
트에아-락테이트,지성,NORMAL
트에아-락테이트,복합성,NORMAL
루멕스 아세토사 잎추출물,건성,NORMAL
루멕스 아세토사 잎추출물,지성,NORMAL
루멕스 아세토사 잎추출물,복합성,NORMAL
파이틱애씨드,건성,NORMAL
파이틱애씨드,지성,NORMAL
파이틱애씨드,복합성,NORMAL
소르비톨,건성,GOOD
소르비톨,지성,NORMAL
소르비톨,복합성,NORMAL
미르투스 커뮤니스 추출물,건성,CAUTION
미르투스 커뮤니스 추출물,지성,GOOD
미르투스 커뮤니스 추출물,복합성,CAUTION
알리움 세파 구근 추출물,건성,NORMAL
알리움 세파 구근 추출물,지성,NORMAL
알리움 세파 구근 추출물,복합성,NORMAL
말릭애씨드,건성,NORMAL
말릭애씨드,지성,NORMAL
말릭애씨드,복합성,NORMAL
콤미포라 미르라 레진 추출물,건성,CAUTION
콤미포라 미르라 레진 추출물,지성,GOOD
콤미포라 미르라 레진 추출물,복합성,NORMAL
에틸 올리에이트,건성,GOOD
에틸 올리에이트,지성,NORMAL
에틸 올리에이트,복합성,NORMAL
스우르프우르,건성,CAUTION
스우르프우르,지성,GOOD
스우르프우르,복합성,NORMAL
타임 불가리스 꽃/잎오일,건성,CAUTION
타임 불가리스 꽃/잎오일,지성,CAUTION
타임 불가리스 꽃/잎오일,복합성,CAUTION
글루크오느올아크트온,건성,CAUTION
글루크오느올아크트온,지성,GOOD
글루크오느올아크트온,복합성,GOOD
에틸 리놀리에이트,건성,NORMAL
에틸 리놀리에이트,지성,NORMAL
에틸 리놀리에이트,복합성,NORMAL
소듐글루코네이트,건성,NORMAL
소듐글루코네이트,지성,NORMAL
소듐글루코네이트,복합성,NORMAL
캡시컴 프루테스센스 열매추출물,건성,NORMAL
캡시컴 프루테스센스 열매추출물,지성,NORMAL
캡시컴 프루테스센스 열매추출물,복합성,NORMAL
헥사노일 다이펩타이드-3 노르류신 아세테이트,건성,NORMAL
헥사노일 다이펩타이드-3 노르류신 아세테이트,지성,NORMAL
헥사노일 다이펩타이드-3 노르류신 아세테이트,복합성,NORMAL
효모추출물,건성,GOOD
효모추출물,지성,NORMAL
효모추출물,복합성,GOOD
소이 아미노 애씨드,건성,NORMAL
소이 아미노 애씨드,지성,NORMAL
소이 아미노 애씨드,복합성,NORMAL
레시틴,건성,GOOD
레시틴,지성,NORMAL
레시틴,복합성,NORMAL
하이드록시에틸아크릴레이트/소듐아크릴로일다이메틸타우레이트코폴리머,건성,NORMAL
하이드록시에틸아크릴레이트/소듐아크릴로일다이메틸타우레이트코폴리머,지성,NORMAL
하이드록시에틸아크릴레이트/소듐아크릴로일다이메틸타우레이트코폴리머,복합성,NORMAL
비사보롤,건성,NORMAL
비사보롤,지성,NORMAL
비사보롤,복합성,NORMAL
미리스토일 느오느아프에프트이드에-3,건성,CAUTION
미리스토일 느오느아프에프트이드에-3,지성,NORMAL
미리스토일 느오느아프에프트이드에-3,복합성,NORMAL
트라이소듐 에틸렌다이아민 다이석시네이트,건성,NORMAL
트라이소듐 에틸렌다이아민 다이석시네이트,지성,NORMAL
트라이소듐 에틸렌다이아민 다이석시네이트,복합성,NORMAL
소르비탄 아이소스테아레이트,건성,NORMAL
소르비탄 아이소스테아레이트,지성,NORMAL
소르비탄 아이소스테아레이트,복합성,NORMAL
소듐클로라이드,건성,NORMAL
소듐클로라이드,지성,NORMAL
소듐클로라이드,복합성,NORMAL
변성알코올,건성,CAUTION
변성알코올,지성,NORMAL
변성알코올,복합성,CAUTION
슈도알테로모나스엑소폴리사카라이드,건성,GOOD
슈도알테로모나스엑소폴리사카라이드,지성,NORMAL
슈도알테로모나스엑소폴리사카라이드,복합성,NORMAL
폴리솔베이트60,건성,NORMAL
폴리솔베이트60,지성,NORMAL
폴리솔베이트60,복합성,NORMAL
아이소헥사데칸,건성,GOOD
아이소헥사데칸,지성,GOOD
아이소헥사데칸,복합성,GOOD
폴리아크릴레이트 크로스폴리머-6,건성,NORMAL
폴리아크릴레이트 크로스폴리머-6,지성,NORMAL
폴리아크릴레이트 크로스폴리머-6,복합성,NORMAL
비스-PEG-18 메틸 에터 다이메틸 실란,건성,NORMAL
비스-PEG-18 메틸 에터 다이메틸 실란,지성,NORMAL
비스-PEG-18 메틸 에터 다이메틸 실란,복합성,NORMAL
팔미토일 트라이펩타이드-38,건성,GOOD
팔미토일 트라이펩타이드-38,지성,NORMAL
팔미토일 트라이펩타이드-38,복합성,NORMAL
락토바이오닉애씨드,건성,GOOD
락토바이오닉애씨드,지성,GOOD
락토바이오닉애씨드,복합성,GOOD
코퍼 르이스이느에이트/프르올이느에이트,건성,NORMAL
코퍼 르이스이느에이트/프르올이느에이트,지성,NORMAL
코퍼 르이스이느에이트/프르올이느에이트,복합성,NORMAL
메틸글루코사이드 포스페이트,건성,NORMAL
메틸글루코사이드 포스페이트,지성,NORMAL
메틸글루코사이드 포스페이트,복합성,NORMAL
아흐느프에르트이아 크오느크이느느아 추출물,건성,GOOD
아흐느프에르트이아 크오느크이느느아 추출물,지성,NORMAL
아흐느프에르트이아 크오느크이느느아 추출물,복합성,NORMAL
트아므아르이느드우스 인디카 씨 검,건성,NORMAL
트아므아르이느드우스 인디카 씨 검,지성,NORMAL
트아므아르이느드우스 인디카 씨 검,복합성,NORMAL
하이드롤라이즈드효모추출물,건성,GOOD
하이드롤라이즈드효모추출물,지성,NORMAL
하이드롤라이즈드효모추출물,복합성,NORMAL
폴리글루크우르오느익 애씨드,건성,GOOD
폴리글루크우르오느익 애씨드,지성,NORMAL
폴리글루크우르오느익 애씨드,복합성,NORMAL
사카라이드 아이소머레이트,건성,GOOD
사카라이드 아이소머레이트,지성,NORMAL
사카라이드 아이소머레이트,복합성,NORMAL
클로페네신,건성,CAUTION
클로페네신,지성,NORMAL
클로페네신,복합성,NORMAL
락토바실러스/에르이오다이크트이오느 크알이프오르느익움 발효물 추출물,건성,GOOD
락토바실러스/에르이오다이크트이오느 크알이프오르느익움 발효물 추출물,지성,NORMAL
락토바실러스/에르이오다이크트이오느 크알이프오르느익움 발효물 추출물,복합성,NORMAL
세틸 하이드록시에틸셀룰로오스,건성,NORMAL
세틸 하이드록시에틸셀룰로오스,지성,NORMAL
세틸 하이드록시에틸셀룰로오스,복합성,NORMAL
포스포리피드,건성,GOOD
포스포리피드,지성,NORMAL
포스포리피드,복합성,NORMAL
하이드롤라이즈드소듐하이알루로네이트,건성,GOOD
하이드롤라이즈드소듐하이알루로네이트,지성,GOOD
하이드롤라이즈드소듐하이알루로네이트,복합성,GOOD
하이드록시프로필 크이크르오드에엑스트라이느,건성,NORMAL
하이드록시프로필 크이크르오드에엑스트라이느,지성,NORMAL
하이드록시프로필 크이크르오드에엑스트라이느,복합성,NORMAL
소듐시트레이트,건성,NORMAL
소듐시트레이트,지성,NORMAL
소듐시트레이트,복합성,NORMAL
류코노스톡/무뿌리발효여과물,건성,CAUTION
류코노스톡/무뿌리발효여과물,지성,NORMAL
류코노스톡/무뿌리발효여과물,복합성,NORMAL
헥실신남알,건성,CAUTION
헥실신남알,지성,CAUTION
헥실신남알,복합성,CAUTION
벤질살리실레이트,건성,CAUTION
벤질살리실레이트,지성,CAUTION
벤질살리실레이트,복합성,CAUTION
제라니올,건성,CAUTION
제라니올,지성,CAUTION
제라니올,복합성,CAUTION
슈도알테로모나스발효추출물,건성,NORMAL
슈도알테로모나스발효추출물,지성,GOOD
슈도알테로모나스발효추출물,복합성,NORMAL
코카미도프로필 베타인,건성,GOOD
코카미도프로필 베타인,지성,NORMAL
코카미도프로필 베타인,복합성,GOOD
실리카,건성,NORMAL
실리카,지성,NORMAL
실리카,복합성,NORMAL
시트랄,건성,CAUTION
시트랄,지성,CAUTION
시트랄,복합성,CAUTION
부틸페닐메틸프로피오날,건성,CAUTION
부틸페닐메틸프로피오날,지성,CAUTION
부틸페닐메틸프로피오날,복합성,CAUTION
벤질알코올,건성,CAUTION
벤질알코올,지성,CAUTION
벤질알코올,복합성,CAUTION
소듐 라우르에티 설페이트,건성,CAUTION
소듐 라우르에티 설페이트,지성,NORMAL
소듐 라우르에티 설페이트,복합성,NORMAL
알파-아이소메틸아이오논,건성,CAUTION
알파-아이소메틸아이오논,지성,CAUTION
알파-아이소메틸아이오논,복합성,CAUTION
쿠마린,건성,CAUTION
쿠마린,지성,CAUTION
쿠마린,복합성,CAUTION
스테아릭애씨드,건성,GOOD
스테아릭애씨드,지성,NORMAL
스테아릭애씨드,복합성,NORMAL
CI 77891,건성,NORMAL
CI 77891,지성,NORMAL
CI 77891,복합성,NORMAL
CI 77491,건성,NORMAL
CI 77491,지성,NORMAL
CI 77491,복합성,NORMAL
소듐피씨에이,건성,GOOD
소듐피씨에이,지성,GOOD
소듐피씨에이,복합성,GOOD
캐모마일꽃추출물,건성,NORMAL
캐모마일꽃추출물,지성,NORMAL
캐모마일꽃추출물,복합성,NORMAL
CI 77499,건성,NORMAL
CI 77499,지성,NORMAL
CI 77499,복합성,NORMAL
시어 파키 버터,건성,GOOD
시어 파키 버터,지성,CAUTION
시어 파키 버터,복합성,NORMAL
아세틸 글루코사민,건성,GOOD
아세틸 글루코사민,지성,GOOD
아세틸 글루코사민,복합성,GOOD
폴리쿼터늄-10,건성,NORMAL
폴리쿼터늄-10,지성,NORMAL
폴리쿼터늄-10,복합성,NORMAL
유비퀴논,건성,NORMAL
유비퀴논,지성,NORMAL
유비퀴논,복합성,NORMAL
그에느이스트에이느,건성,NORMAL
그에느이스트에이느,지성,NORMAL
그에느이스트에이느,복합성,NORMAL
세틸알코올,건성,NORMAL
세틸알코올,지성,NORMAL
세틸알코올,복합성,NORMAL
아스크오르브일 글루코사이드,건성,NORMAL
아스크오르브일 글루코사이드,지성,NORMAL
아스크오르브일 글루코사이드,복합성,NORMAL
에프이그알르오크에이트크이느 그알르에이트,건성,NORMAL
에프이그알르오크에이트크이느 그알르에이트,지성,NORMAL
에프이그알르오크에이트크이느 그알르에이트,복합성,NORMAL
감초뿌리추출물,건성,NORMAL
감초뿌리추출물,지성,NORMAL
감초뿌리추출물,복합성,NORMAL
CI 77492,건성,NORMAL
CI 77492,지성,NORMAL
CI 77492,복합성,NORMAL
다이포타슘글리시리제이트,건성,NORMAL
다이포타슘글리시리제이트,지성,GOOD
다이포타슘글리시리제이트,복합성,NORMAL
카르노신,건성,NORMAL
카르노신,지성,NORMAL
카르노신,복합성,NORMAL
폴리쿼터늄-51,건성,GOOD
폴리쿼터늄-51,지성,NORMAL
폴리쿼터늄-51,복합성,NORMAL
느릅나무뿌리추출물,건성,GOOD
느릅나무뿌리추출물,지성,NORMAL
느릅나무뿌리추출물,복합성,NORMAL
프이프에르 므에티이스트익움 잎/뿌리/줄기 추출물,건성,NORMAL
프이프에르 므에티이스트익움 잎/뿌리/줄기 추출물,지성,NORMAL
프이프에르 므에티이스트익움 잎/뿌리/줄기 추출물,복합성,NORMAL
베타인,건성,GOOD
베타인,지성,NORMAL
베타인,복합성,GOOD
아므아르아느티우스 크아우드아트우스 씨추출물,건성,GOOD
아므아르아느티우스 크아우드아트우스 씨추출물,지성,GOOD
아므아르아느티우스 크아우드아트우스 씨추출물,복합성,GOOD
하이드로제네이티드레시틴,건성,GOOD
하이드로제네이티드레시틴,지성,NORMAL
하이드로제네이티드레시틴,복합성,NORMAL
하이드롤라이즈드 크오르느 스트아르크,건성,NORMAL
하이드롤라이즈드 크오르느 스트아르크,지성,NORMAL
하이드롤라이즈드 크오르느 스트아르크,복합성,NORMAL
황벽나무껍질추출물,건성,NORMAL
황벽나무껍질추출물,지성,NORMAL
황벽나무껍질추출물,복합성,NORMAL
트레할로오스,건성,GOOD
트레할로오스,지성,NORMAL
트레할로오스,복합성,NORMAL
비트뿌리추출물,건성,GOOD
비트뿌리추출물,지성,NORMAL
비트뿌리추출물,복합성,NORMAL
카시아알라타잎추출물,건성,NORMAL
카시아알라타잎추출물,지성,NORMAL
카시아알라타잎추출물,복합성,NORMAL
트로메타민,건성,NORMAL
트로메타민,지성,NORMAL
트로메타민,복합성,NORMAL
아세틱애씨드,건성,CAUTION
아세틱애씨드,지성,NORMAL
아세틱애씨드,복합성,CAUTION
헥사펩타이드-9,건성,NORMAL
헥사펩타이드-9,지성,NORMAL
헥사펩타이드-9,복합성,NORMAL
메틸아이소티아졸리논,건성,NORMAL
메틸아이소티아졸리논,지성,NORMAL
메틸아이소티아졸리논,복합성,NORMAL
"1,2-헥산다이올",건성,GOOD
"1,2-헥산다이올",지성,NORMAL
"1,2-헥산다이올",복합성,NORMAL
CI 19140,건성,NORMAL
CI 19140,지성,NORMAL
CI 19140,복합성,NORMAL
라피노오스,건성,GOOD
라피노오스,지성,NORMAL
라피노오스,복합성,NORMAL
CI 42090,건성,NORMAL
CI 42090,지성,NORMAL
CI 42090,복합성,NORMAL
아스크오르브일 팔미테이트,건성,NORMAL
아스크오르브일 팔미테이트,지성,NORMAL
아스크오르브일 팔미테이트,복합성,NORMAL
락토바실러스/프움프크이느 발효물 추출물,건성,CAUTION
락토바실러스/프움프크이느 발효물 추출물,지성,GOOD
락토바실러스/프움프크이느 발효물 추출물,복합성,CAUTION
벤질벤조에이트,건성,CAUTION
벤질벤조에이트,지성,CAUTION
벤질벤조에이트,복합성,CAUTION
하이드록시시트로넬알,건성,CAUTION
하이드록시시트로넬알,지성,CAUTION
하이드록시시트로넬알,복합성,CAUTION
카라기난추출물,건성,GOOD
카라기난추출물,지성,NORMAL
카라기난추출물,복합성,NORMAL
락토바실러스/프우느익아 그르아느아트움 열매 발효물 추출물,건성,NORMAL
락토바실러스/프우느익아 그르아느아트움 열매 발효물 추출물,지성,GOOD
락토바실러스/프우느익아 그르아느아트움 열매 발효물 추출물,복합성,NORMAL
하이드롤라이즈드밀단백질,건성,CAUTION
하이드롤라이즈드밀단백질,지성,NORMAL
하이드롤라이즈드밀단백질,복합성,NORMAL
카프릴하이드록사믹애씨드,건성,NORMAL
카프릴하이드록사믹애씨드,지성,NORMAL
카프릴하이드록사믹애씨드,복합성,NORMAL
그르우트아므일아므이드오에틸 이므이드아즈올레,건성,NORMAL
그르우트아므일아므이드오에틸 이므이드아즈올레,지성,NORMAL
그르우트아므일아므이드오에틸 이므이드아즈올레,복합성,NORMAL
테트라하이드로다이프에르우르오일므에티안,건성,NORMAL
테트라하이드로다이프에르우르오일므에티안,지성,NORMAL
테트라하이드로다이프에르우르오일므에티안,복합성,NORMAL
테트라하이드로브이스드에므에티오엑스이다이프에르우르오일므에티안,건성,NORMAL
테트라하이드로브이스드에므에티오엑스이다이프에르우르오일므에티안,지성,NORMAL
테트라하이드로브이스드에므에티오엑스이다이프에르우르오일므에티안,복합성,NORMAL
테트라하이드로드에므에티오엑스이다이프에르우르오일므에티안,건성,NORMAL
테트라하이드로드에므에티오엑스이다이프에르우르오일므에티안,지성,NORMAL
테트라하이드로드에므에티오엑스이다이프에르우르오일므에티안,복합성,NORMAL
글라이신,건성,NORMAL
글라이신,지성,NORMAL
글라이신,복합성,NORMAL
말토덱스트린,건성,NORMAL
말토덱스트린,지성,NORMAL
말토덱스트린,복합성,NORMAL
유제놀,건성,CAUTION
유제놀,지성,CAUTION
유제놀,복합성,CAUTION
메틸클로로아이소티아졸리논,건성,CAUTION
메틸클로로아이소티아졸리논,지성,CAUTION
메틸클로로아이소티아졸리논,복합성,CAUTION
해바라기씨오일,건성,GOOD
해바라기씨오일,지성,GOOD
해바라기씨오일,복합성,GOOD
다마스크장미꽃수,건성,CAUTION
다마스크장미꽃수,지성,CAUTION
다마스크장미꽃수,복합성,CAUTION
PEG-7글리세릴코코에이트,건성,CAUTION
PEG-7글리세릴코코에이트,지성,GOOD
PEG-7글리세릴코코에이트,복합성,GOOD
PEG-100스테아레이트,건성,NORMAL
PEG-100스테아레이트,지성,NORMAL
PEG-100스테아레이트,복합성,NORMAL
프올오엑스아므에르 184,건성,NORMAL
프올오엑스아므에르 184,지성,NORMAL
프올오엑스아므에르 184,복합성,NORMAL
자일리틸글루코사이드,건성,GOOD
자일리틸글루코사이드,지성,NORMAL
자일리틸글루코사이드,복합성,GOOD
컴프리뿌리추출물,건성,GOOD
컴프리뿌리추출물,지성,NORMAL
컴프리뿌리추출물,복합성,GOOD
폴리솔베이트80,건성,NORMAL
폴리솔베이트80,지성,NORMAL
폴리솔베이트80,복합성,NORMAL
안하이드로자일리톨,건성,GOOD
안하이드로자일리톨,지성,NORMAL
안하이드로자일리톨,복합성,NORMAL
에틸헥실메톡시신나메이트,건성,NORMAL
에틸헥실메톡시신나메이트,지성,NORMAL
에틸헥실메톡시신나메이트,복합성,NORMAL
자일리톨,건성,GOOD
자일리톨,지성,NORMAL
자일리톨,복합성,NORMAL
암모늄폴리아크릴로일다이메틸타우레이트,건성,NORMAL
암모늄폴리아크릴로일다이메틸타우레이트,지성,GOOD
암모늄폴리아크릴로일다이메틸타우레이트,복합성,GOOD
벤조익애씨드,건성,CAUTION
벤조익애씨드,지성,NORMAL
벤조익애씨드,복합성,NORMAL
PEG-75,건성,GOOD
PEG-75,지성,NORMAL
PEG-75,복합성,NORMAL
락토바실러스 발효물,건성,NORMAL
락토바실러스 발효물,지성,GOOD
락토바실러스 발효물,복합성,GOOD
아세틸 헥사펩타이드-8,건성,NORMAL
아세틸 헥사펩타이드-8,지성,NORMAL
아세틸 헥사펩타이드-8,복합성,NORMAL
카페인,건성,NORMAL
카페인,지성,NORMAL
카페인,복합성,NORMAL
자작나무껍질추출물,건성,GOOD
자작나무껍질추출물,지성,GOOD
자작나무껍질추출물,복합성,GOOD
밀크씨슬추출물,건성,NORMAL
밀크씨슬추출물,지성,NORMAL
밀크씨슬추출물,복합성,NORMAL
로만캐모마일꽃추출물,건성,NORMAL
로만캐모마일꽃추출물,지성,NORMAL
로만캐모마일꽃추출물,복합성,NORMAL
사이클로헥사실록세인,건성,NORMAL
사이클로헥사실록세인,지성,GOOD
사이클로헥사실록세인,복합성,NORMAL
PPG-5-크에트에티-20,건성,NORMAL
PPG-5-크에트에티-20,지성,NORMAL
PPG-5-크에트에티-20,복합성,NORMAL
올레티-10,건성,NORMAL
올레티-10,지성,NORMAL
올레티-10,복합성,NORMAL
다이메티콘,건성,GOOD
다이메티콘,지성,NORMAL
다이메티콘,복합성,NORMAL
하이드록시에틸우레아,건성,GOOD
하이드록시에틸우레아,지성,GOOD
하이드록시에틸우레아,복합성,GOOD
PEG-8,건성,GOOD
PEG-8,지성,NORMAL
PEG-8,복합성,CAUTION
마그네슘 아스크오르브일 포스페이트,건성,NORMAL
마그네슘 아스크오르브일 포스페이트,지성,NORMAL
마그네슘 아스크오르브일 포스페이트,복합성,NORMAL
브에흐에느트라이므오느이움 므에티오스우르프에이트,건성,NORMAL
브에흐에느트라이므오느이움 므에티오스우르프에이트,지성,NORMAL
브에흐에느트라이므오느이움 므에티오스우르프에이트,복합성,NORMAL
세라마이드엔피,건성,GOOD
세라마이드엔피,지성,NORMAL
세라마이드엔피,복합성,GOOD
콜레스테롤,건성,GOOD
콜레스테롤,지성,NORMAL
콜레스테롤,복합성,GOOD
CI 14700,건성,NORMAL
CI 14700,지성,NORMAL
CI 14700,복합성,NORMAL
세라마이드이오피,건성,GOOD
세라마이드이오피,지성,CAUTION
세라마이드이오피,복합성,GOOD
스테아릴알코올,건성,NORMAL
스테아릴알코올,지성,NORMAL
스테아릴알코올,복합성,NORMAL
세라마이드에이피,건성,GOOD
세라마이드에이피,지성,NORMAL
세라마이드에이피,복합성,GOOD
포타슘포스페이트,건성,NORMAL
포타슘포스페이트,지성,NORMAL
포타슘포스페이트,복합성,NORMAL
PEG-40스테아레이트,건성,NORMAL
PEG-40스테아레이트,지성,NORMAL
PEG-40스테아레이트,복합성,NORMAL
소듐 라우로일 르아크트일에이트,건성,NORMAL
소듐 라우로일 르아크트일에이트,지성,NORMAL
소듐 라우로일 르아크트일에이트,복합성,NORMAL
피토스핑고신,건성,GOOD
피토스핑고신,지성,GOOD
피토스핑고신,복합성,NORMAL
메틸파라벤,건성,NORMAL
메틸파라벤,지성,NORMAL
메틸파라벤,복합성,NORMAL
프로필파라벤,건성,NORMAL
프로필파라벤,지성,NORMAL
프로필파라벤,복합성,NORMAL
암모늄아크릴로일다이메틸타우레이트/브이피코폴리머,건성,NORMAL
암모늄아크릴로일다이메틸타우레이트/브이피코폴리머,지성,NORMAL
암모늄아크릴로일다이메틸타우레이트/브이피코폴리머,복합성,NORMAL
CI 17200,건성,NORMAL
CI 17200,지성,NORMAL
CI 17200,복합성,NORMAL
아이소프로필 미리스테이트,건성,NORMAL
아이소프로필 미리스테이트,지성,CAUTION
아이소프로필 미리스테이트,복합성,CAUTION
C12-15 알킬 벤조에이트,건성,NORMAL
C12-15 알킬 벤조에이트,지성,NORMAL
C12-15 알킬 벤조에이트,복합성,NORMAL
PEG-40하이드로제네이티드캐스터오일,건성,CAUTION
PEG-40하이드로제네이티드캐스터오일,지성,CAUTION
PEG-40하이드로제네이티드캐스터오일,복합성,CAUTION
다이카프릴릴 카보네이트,건성,GOOD
다이카프릴릴 카보네이트,지성,NORMAL
다이카프릴릴 카보네이트,복합성,NORMAL
미리스틸 미리스테이트,건성,GOOD
미리스틸 미리스테이트,지성,GOOD
미리스틸 미리스테이트,복합성,CAUTION
테트라헥실드에크일 아스크오르브에이트,건성,NORMAL
테트라헥실드에크일 아스크오르브에이트,지성,NORMAL
테트라헥실드에크일 아스크오르브에이트,복합성,NORMAL
페닐트라이메티콘,건성,NORMAL
페닐트라이메티콘,지성,NORMAL
페닐트라이메티콘,복합성,NORMAL
귀리커넬추출물,건성,GOOD
귀리커넬추출물,지성,NORMAL
귀리커넬추출물,복합성,GOOD
옥수수전분,건성,NORMAL
옥수수전분,지성,GOOD
옥수수전분,복합성,NORMAL
소르비탄 올리에이트,건성,GOOD
소르비탄 올리에이트,지성,GOOD
소르비탄 올리에이트,복합성,NORMAL
글리세릴 베헤네이트/에이코사디오에이트,건성,NORMAL
글리세릴 베헤네이트/에이코사디오에이트,지성,CAUTION
글리세릴 베헤네이트/에이코사디오에이트,복합성,NORMAL
리놀레익애씨드,건성,GOOD
리놀레익애씨드,지성,GOOD
리놀레익애씨드,복합성,GOOD
망고씨오일,건성,GOOD
망고씨오일,지성,NORMAL
망고씨오일,복합성,NORMAL
세라알바,건성,GOOD
세라알바,지성,CAUTION
세라알바,복합성,NORMAL
보리지씨오일,건성,GOOD
보리지씨오일,지성,NORMAL
보리지씨오일,복합성,NORMAL
동백나무씨오일,건성,GOOD
동백나무씨오일,지성,GOOD
동백나무씨오일,복합성,GOOD
파라벤,건성,CAUTION
파라벤,지성,NORMAL
파라벤,복합성,NORMAL
알에우르이트에스 므올우크크아느아 씨오일,건성,GOOD
알에우르이트에스 므올우크크아느아 씨오일,지성,GOOD
알에우르이트에스 므올우크크아느아 씨오일,복합성,NORMAL
쌀겨오일,건성,GOOD
쌀겨오일,지성,NORMAL
쌀겨오일,복합성,NORMAL
모링가씨오일,건성,GOOD
모링가씨오일,지성,CAUTION
모링가씨오일,복합성,CAUTION
카카오씨버터,건성,GOOD
카카오씨버터,지성,CAUTION
카카오씨버터,복합성,NORMAL
바오밥나무씨오일,건성,GOOD
바오밥나무씨오일,지성,NORMAL
바오밥나무씨오일,복합성,NORMAL
피마자씨오일,건성,GOOD
피마자씨오일,지성,CAUTION
피마자씨오일,복합성,NORMAL
다마스크장미꽃왁스,건성,GOOD
다마스크장미꽃왁스,지성,CAUTION
다마스크장미꽃왁스,복합성,CAUTION
제라늄잎오일,건성,CAUTION
제라늄잎오일,지성,CAUTION
제라늄잎오일,복합성,CAUTION
당근뿌리추출물,건성,GOOD
당근뿌리추출물,지성,CAUTION
당근뿌리추출물,복합성,NORMAL
카렌듈라꽃추출물,건성,NORMAL
카렌듈라꽃추출물,지성,NORMAL
카렌듈라꽃추출물,복합성,NORMAL
유칼립투스라디아타잎오일,건성,CAUTION
유칼립투스라디아타잎오일,지성,CAUTION
유칼립투스라디아타잎오일,복합성,CAUTION
알코올,건성,CAUTION
알코올,지성,GOOD
알코올,복합성,GOOD
티트리잎오일,건성,CAUTION
티트리잎오일,지성,GOOD
티트리잎오일,복합성,CAUTION
비터오렌지꽃수,건성,CAUTION
비터오렌지꽃수,지성,CAUTION
비터오렌지꽃수,복합성,CAUTION
포타슘알룸,건성,CAUTION
포타슘알룸,지성,NORMAL
포타슘알룸,복합성,NORMAL
로즈마리잎오일,건성,CAUTION
로즈마리잎오일,지성,CAUTION
로즈마리잎오일,복합성,CAUTION
스트이르아엑스 트오느크인느스이스 레진 추출물,건성,CAUTION
스트이르아엑스 트오느크인느스이스 레진 추출물,지성,CAUTION
스트이르아엑스 트오느크인느스이스 레진 추출물,복합성,CAUTION
페퍼민트오일,건성,CAUTION
페퍼민트오일,지성,CAUTION
페퍼민트오일,복합성,CAUTION
레몬밤잎오일,건성,CAUTION
레몬밤잎오일,지성,CAUTION
레몬밤잎오일,복합성,CAUTION
다마스크장미꽃오일,건성,CAUTION
다마스크장미꽃오일,지성,CAUTION
다마스크장미꽃오일,복합성,CAUTION
아보카도오일,건성,GOOD
아보카도오일,지성,CAUTION
아보카도오일,복합성,NORMAL
파네솔,건성,CAUTION
파네솔,지성,CAUTION
파네솔,복합성,CAUTION
포도씨오일,건성,GOOD
포도씨오일,지성,NORMAL
포도씨오일,복합성,NORMAL
카렌듈라추출물,건성,NORMAL
카렌듈라추출물,지성,NORMAL
카렌듈라추출물,복합성,NORMAL
베르가모트껍질오일,건성,CAUTION
베르가모트껍질오일,지성,CAUTION
베르가모트껍질오일,복합성,CAUTION
당근씨오일,건성,GOOD
당근씨오일,지성,CAUTION
당근씨오일,복합성,CAUTION
포도열매추출물,건성,GOOD
포도열매추출물,지성,NORMAL
포도열매추출물,복합성,NORMAL
오에느오티에르아 브이에느느이스 오일,건성,GOOD
오에느오티에르아 브이에느느이스 오일,지성,NORMAL
오에느오티에르아 브이에느느이스 오일,복합성,GOOD
서양쐐기풀잎추출물,건성,CAUTION
서양쐐기풀잎추출물,지성,GOOD
서양쐐기풀잎추출물,복합성,NORMAL
민들레잎추출물,건성,NORMAL
민들레잎추출물,지성,NORMAL
민들레잎추출물,복합성,NORMAL
로즈마리잎추출물,건성,CAUTION
로즈마리잎추출물,지성,CAUTION
로즈마리잎추출물,복합성,CAUTION
비타민나무열매오일,건성,GOOD
비타민나무열매오일,지성,CAUTION
비타민나무열매오일,복합성,CAUTION
크알오프일르움 트아크아므아흐아크아 오일,건성,GOOD
크알오프일르움 트아크아므아흐아크아 오일,지성,NORMAL
크알오프일르움 트아크아므아흐아크아 오일,복합성,NORMAL
포타슘하이드록사이드,건성,NORMAL
포타슘하이드록사이드,지성,NORMAL
포타슘하이드록사이드,복합성,NORMAL
팔미틱애씨드,건성,GOOD
팔미틱애씨드,지성,NORMAL
팔미틱애씨드,복합성,NORMAL
라우릭애씨드,건성,GOOD
라우릭애씨드,지성,CAUTION
라우릭애씨드,복합성,NORMAL
미리스틱애씨드,건성,GOOD
미리스틱애씨드,지성,CAUTION
미리스틱애씨드,복합성,CAUTION
소듐 메틸 코코일 타우레이트,건성,CAUTION
소듐 메틸 코코일 타우레이트,지성,NORMAL
소듐 메틸 코코일 타우레이트,복합성,CAUTION
므익르오크이트르우스 아우스트르알아스익아 열매추출물,건성,NORMAL
므익르오크이트르우스 아우스트르알아스익아 열매추출물,지성,NORMAL
므익르오크이트르우스 아우스트르알아스익아 열매추출물,복합성,NORMAL
알로에베라잎즙가루,건성,GOOD
알로에베라잎즙가루,지성,NORMAL
알로에베라잎즙가루,복합성,CAUTION
소듐 라우릴 스우르프오아크에트에이트,건성,NORMAL
소듐 라우릴 스우르프오아크에트에이트,지성,NORMAL
소듐 라우릴 스우르프오아크에트에이트,복합성,NORMAL
코코넛수,건성,GOOD
코코넛수,지성,NORMAL
코코넛수,복합성,NORMAL
해바라기추출물,건성,GOOD
해바라기추출물,지성,NORMAL
해바라기추출물,복합성,NORMAL
크이트르우르르우스 르아느아트우스 열매추출물,건성,NORMAL
크이트르우르르우스 르아느아트우스 열매추출물,지성,NORMAL
크이트르우르르우스 르아느아트우스 열매추출물,복합성,NORMAL
스트이르아엑스 벤즈오이느 레진 추출물,건성,NORMAL
스트이르아엑스 벤즈오이느 레진 추출물,지성,NORMAL
스트이르아엑스 벤즈오이느 레진 추출물,복합성,NORMAL
사이클로펜타실록세인,건성,NORMAL
사이클로펜타실록세인,지성,NORMAL
사이클로펜타실록세인,복합성,NORMAL
스우프에르오엑스이드에 다이스므우트아스에,건성,NORMAL
스우프에르오엑스이드에 다이스므우트아스에,지성,NORMAL
스우프에르오엑스이드에 다이스므우트아스에,복합성,NORMAL
다시마추출물,건성,GOOD
다시마추출물,지성,GOOD
다시마추출물,복합성,NORMAL
소듐 카보머,건성,NORMAL
소듐 카보머,지성,NORMAL
소듐 카보머,복합성,NORMAL
흰버드나무껍질추출물,건성,CAUTION
흰버드나무껍질추출물,지성,GOOD
흰버드나무껍질추출물,복합성,GOOD
비터오렌지꽃오일,건성,CAUTION
비터오렌지꽃오일,지성,CAUTION
비터오렌지꽃오일,복합성,CAUTION
다이메티콘/브이느일 다이메티콘 크로스폴리머,건성,NORMAL
다이메티콘/브이느일 다이메티콘 크로스폴리머,지성,GOOD
다이메티콘/브이느일 다이메티콘 크로스폴리머,복합성,NORMAL
폴리아크릴레이트-13,건성,NORMAL
폴리아크릴레이트-13,지성,NORMAL
폴리아크릴레이트-13,복합성,NORMAL
포도씨추출물,건성,NORMAL
포도씨추출물,지성,NORMAL
포도씨추출물,복합성,NORMAL
하이드롤라이즈드콜라겐,건성,GOOD
하이드롤라이즈드콜라겐,지성,NORMAL
하이드롤라이즈드콜라겐,복합성,NORMAL
밀크씨슬씨오일,건성,GOOD
밀크씨슬씨오일,지성,NORMAL
밀크씨슬씨오일,복합성,NORMAL
폴리아이소부텐,건성,NORMAL
폴리아이소부텐,지성,NORMAL
폴리아이소부텐,복합성,NORMAL
메틸 글루세스-20,건성,NORMAL
메틸 글루세스-20,지성,NORMAL
메틸 글루세스-20,복합성,NORMAL
글리세릴 카프릴레이트,건성,GOOD
글리세릴 카프릴레이트,지성,NORMAL
글리세릴 카프릴레이트,복합성,NORMAL
보검선인장씨오일,건성,GOOD
보검선인장씨오일,지성,NORMAL
보검선인장씨오일,복합성,NORMAL
소르비탄 올리베이트,건성,GOOD
소르비탄 올리베이트,지성,CAUTION
소르비탄 올리베이트,복합성,NORMAL
펜타에리스리틸 테트라-다이-트-부틸 하이드록시하이드로크이느느아므에이트,건성,NORMAL
펜타에리스리틸 테트라-다이-트-부틸 하이드록시하이드로크이느느아므에이트,지성,NORMAL
펜타에리스리틸 테트라-다이-트-부틸 하이드록시하이드로크이느느아므에이트,복합성,NORMAL
아시아티코사이드,건성,NORMAL
아시아티코사이드,지성,NORMAL
아시아티코사이드,복합성,NORMAL
스클레로튬검,건성,NORMAL
스클레로튬검,지성,NORMAL
스클레로튬검,복합성,NORMAL
세테아릴 올리베이트,건성,GOOD
세테아릴 올리베이트,지성,CAUTION
세테아릴 올리베이트,복합성,NORMAL
시에아 버터 에틸 에스터,건성,GOOD
시에아 버터 에틸 에스터,지성,CAUTION
시에아 버터 에틸 에스터,복합성,CAUTION
프에르아르그오느이움 그르아브에올레느스 잎/꽃오일,건성,CAUTION
프에르아르그오느이움 그르아브에올레느스 잎/꽃오일,지성,CAUTION
프에르아르그오느이움 그르아브에올레느스 잎/꽃오일,복합성,CAUTION
올레익/르이느올레익/르이느올레느익 폴리글리크에르이드에스,건성,GOOD
올레익/르이느올레익/르이느올레느익 폴리글리크에르이드에스,지성,CAUTION
올레익/르이느올레익/르이느올레느익 폴리글리크에르이드에스,복합성,CAUTION
아그오느이스 프르아그르아느스 가지/잎오일,건성,CAUTION
아그오느이스 프르아그르아느스 가지/잎오일,지성,CAUTION
아그오느이스 프르아그르아느스 가지/잎오일,복합성,CAUTION
다마스크장미앱솔루트,건성,CAUTION
다마스크장미앱솔루트,지성,CAUTION
다마스크장미앱솔루트,복합성,CAUTION
멜라루카 트에르에트이프올이아 가지/잎오일,건성,CAUTION
멜라루카 트에르에트이프올이아 가지/잎오일,지성,CAUTION
멜라루카 트에르에트이프올이아 가지/잎오일,복합성,CAUTION
로즈힙씨오일,건성,GOOD
로즈힙씨오일,지성,GOOD
로즈힙씨오일,복합성,NORMAL
라벤더 안구스티폴리아 오일,건성,CAUTION
라벤더 안구스티폴리아 오일,지성,CAUTION
라벤더 안구스티폴리아 오일,복합성,CAUTION
PPG-26-브우트에티-26,건성,CAUTION
PPG-26-브우트에티-26,지성,CAUTION
PPG-26-브우트에티-26,복합성,CAUTION
올리브 유로파에아 열매오일,건성,GOOD
올리브 유로파에아 열매오일,지성,GOOD
올리브 유로파에아 열매오일,복합성,CAUTION
카라기난,건성,NORMAL
카라기난,지성,NORMAL
카라기난,복합성,NORMAL
르오느익에르아 크아프르이프올이움 추출물,건성,NORMAL
르오느익에르아 크아프르이프올이움 추출물,지성,NORMAL
르오느익에르아 크아프르이프올이움 추출물,복합성,NORMAL
PEG-12다이메티콘,건성,NORMAL
PEG-12다이메티콘,지성,NORMAL
PEG-12다이메티콘,복합성,NORMAL
아크아크이아 스엔그알 검,건성,NORMAL
아크아크이아 스엔그알 검,지성,NORMAL
아크아크이아 스엔그알 검,복합성,NORMAL
징크피씨에이,건성,GOOD
징크피씨에이,지성,GOOD
징크피씨에이,복합성,GOOD
르오느익에르아 자포니카 꽃추출물,건성,NORMAL
르오느익에르아 자포니카 꽃추출물,지성,NORMAL
르오느익에르아 자포니카 꽃추출물,복합성,NORMAL
바이오사카라이드검-2,건성,GOOD
바이오사카라이드검-2,지성,NORMAL
바이오사카라이드검-2,복합성,NORMAL
옥틸도데칸올,건성,NORMAL
옥틸도데칸올,지성,NORMAL
옥틸도데칸올,복합성,NORMAL
PEG-20 메틸 글루코오스 세스퀴스테아레이트,건성,GOOD
PEG-20 메틸 글루코오스 세스퀴스테아레이트,지성,NORMAL
PEG-20 메틸 글루코오스 세스퀴스테아레이트,복합성,NORMAL
징크 팔미토일 느오느아프에프트이드에-14,건성,NORMAL
징크 팔미토일 느오느아프에프트이드에-14,지성,NORMAL
징크 팔미토일 느오느아프에프트이드에-14,복합성,NORMAL
다이메틸 아이소스오르브이드에,건성,NORMAL
다이메틸 아이소스오르브이드에,지성,NORMAL
다이메틸 아이소스오르브이드에,복합성,NORMAL
코퍼트라이펩타이드-1,건성,NORMAL
코퍼트라이펩타이드-1,지성,NORMAL
코퍼트라이펩타이드-1,복합성,NORMAL
팔미토일 데카펩타이드-21,건성,NORMAL
팔미토일 데카펩타이드-21,지성,NORMAL
팔미토일 데카펩타이드-21,복합성,NORMAL
페닐일프르오프아느올,건성,NORMAL
페닐일프르오프아느올,지성,NORMAL
페닐일프르오프아느올,복합성,NORMAL
데카펩타이드-22,건성,NORMAL
데카펩타이드-22,지성,NORMAL
데카펩타이드-22,복합성,NORMAL
다이글리크에르이느,건성,GOOD
다이글리크에르이느,지성,NORMAL
다이글리크에르이느,복합성,GOOD
오그르이오프에프트이드에-78,건성,NORMAL
오그르이오프에프트이드에-78,지성,NORMAL
오그르이오프에프트이드에-78,복합성,NORMAL
알트에르오므오느아스 발효물 추출물,건성,CAUTION
알트에르오므오느아스 발효물 추출물,지성,NORMAL
알트에르오므오느아스 발효물 추출물,복합성,CAUTION
알트에르오므오느아스 발효물 여과물,건성,GOOD
알트에르오므오느아스 발효물 여과물,지성,NORMAL
알트에르오므오느아스 발효물 여과물,복합성,GOOD
PPG-12-브우트에티-16,건성,NORMAL
PPG-12-브우트에티-16,지성,NORMAL
PPG-12-브우트에티-16,복합성,NORMAL
펜타펩타이드-18,건성,NORMAL
펜타펩타이드-18,지성,NORMAL
펜타펩타이드-18,복합성,NORMAL
레티놀,건성,CAUTION
레티놀,지성,NORMAL
레티놀,복합성,NORMAL
코크에티-7,건성,NORMAL
코크에티-7,지성,NORMAL
코크에티-7,복합성,NORMAL
아크에트일아르그이느일트르이프트오프일 다이페닐일글리크인,건성,NORMAL
아크에트일아르그이느일트르이프트오프일 다이페닐일글리크인,지성,NORMAL
아크에트일아르그이느일트르이프트오프일 다이페닐일글리크인,복합성,NORMAL
팔미토일 트라이펩타이드-1,건성,NORMAL
팔미토일 트라이펩타이드-1,지성,NORMAL
팔미토일 트라이펩타이드-1,복합성,NORMAL
다이펩타이드 다이아므이느오브우트이르오일 벤즈일아므이드에 다이아크에트에이트,건성,NORMAL
다이펩타이드 다이아므이느오브우트이르오일 벤즈일아므이드에 다이아크에트에이트,지성,NORMAL
다이펩타이드 다이아므이느오브우트이르오일 벤즈일아므이드에 다이아크에트에이트,복합성,NORMAL
발린,건성,NORMAL
발린,지성,NORMAL
발린,복합성,NORMAL
프롤린,건성,NORMAL
프롤린,지성,NORMAL
프롤린,복합성,NORMAL
트레오닌,건성,NORMAL
트레오닌,지성,NORMAL
트레오닌,복합성,NORMAL
아르기닌,건성,NORMAL
아르기닌,지성,NORMAL
아르기닌,복합성,NORMAL
페닐알라닌,건성,NORMAL
페닐알라닌,지성,NORMAL
페닐알라닌,복합성,NORMAL
팔미토일 테트라펩타이드-7,건성,NORMAL
팔미토일 테트라펩타이드-7,지성,NORMAL
팔미토일 테트라펩타이드-7,복합성,NORMAL
아이소류신,건성,GOOD
아이소류신,지성,NORMAL
아이소류신,복합성,NORMAL
팔미토일 헥사펩타이드-12,건성,NORMAL
팔미토일 헥사펩타이드-12,지성,NORMAL
팔미토일 헥사펩타이드-12,복합성,NORMAL
PCA,건성,NORMAL
PCA,지성,NORMAL
PCA,복합성,NORMAL
루부스 프르우트익오스우스 씨오일,건성,GOOD
루부스 프르우트익오스우스 씨오일,지성,GOOD
루부스 프르우트익오스우스 씨오일,복합성,GOOD
에르이오크에프알우스 프우느크트우르아트우스 오일,건성,CAUTION
에르이오크에프알우스 프우느크트우르아트우스 오일,지성,CAUTION
에르이오크에프알우스 프우느크트우르아트우스 오일,복합성,CAUTION
살비아 히스파니카 씨오일,건성,GOOD
살비아 히스파니카 씨오일,지성,NORMAL
살비아 히스파니카 씨오일,복합성,GOOD
로만캐모마일꽃오일,건성,CAUTION
로만캐모마일꽃오일,지성,CAUTION
로만캐모마일꽃오일,복합성,CAUTION
캐모마일꽃오일,건성,CAUTION
캐모마일꽃오일,지성,CAUTION
캐모마일꽃오일,복합성,CAUTION
아스파틱애씨드,건성,NORMAL
아스파틱애씨드,지성,NORMAL
아스파틱애씨드,복합성,NORMAL
히스티딘,건성,NORMAL
히스티딘,지성,NORMAL
히스티딘,복합성,NORMAL
오렌지오일,건성,CAUTION
오렌지오일,지성,CAUTION
오렌지오일,복합성,CAUTION
하이드록시프이느아크올온 르에트이느오에이트,건성,CAUTION
하이드록시프이느아크올온 르에트이느오에이트,지성,GOOD
하이드록시프이느아크올온 르에트이느오에이트,복합성,NORMAL
크아느아느그아 오드오르아트아 꽃오일,건성,CAUTION
크아느아느그아 오드오르아트아 꽃오일,지성,CAUTION
크아느아느그아 오드오르아트아 꽃오일,복합성,CAUTION
매자나무뿌리추출물,건성,NORMAL
매자나무뿌리추출물,지성,GOOD
매자나무뿌리추출물,복합성,NORMAL
렌즈콩열매추출물,건성,GOOD
렌즈콩열매추출물,지성,NORMAL
렌즈콩열매추출물,복합성,GOOD
파인애플열매추출물,건성,GOOD
파인애플열매추출물,지성,NORMAL
파인애플열매추출물,복합성,GOOD
코코-카프릴레이트/카프레이트,건성,GOOD
코코-카프릴레이트/카프레이트,지성,NORMAL
코코-카프릴레이트/카프레이트,복합성,NORMAL
황금뿌리추출물,건성,NORMAL
황금뿌리추출물,지성,NORMAL
황금뿌리추출물,복합성,NORMAL
조류추출물,건성,GOOD
조류추출물,지성,NORMAL
조류추출물,복합성,NORMAL
코코넛 알크안스,건성,NORMAL
코코넛 알크안스,지성,NORMAL
코코넛 알크안스,복합성,NORMAL
흰목이버섯자실체추출물,건성,GOOD
흰목이버섯자실체추출물,지성,NORMAL
흰목이버섯자실체추출물,복합성,NORMAL
소듐부티로일하이알루로네이트,건성,GOOD
소듐부티로일하이알루로네이트,지성,NORMAL
소듐부티로일하이알루로네이트,복합성,NORMAL
사과열매추출물,건성,GOOD
사과열매추출물,지성,NORMAL
사과열매추출물,복합성,NORMAL
트아스므아느느이아 르아느크에올아트아 열매/잎추출물,건성,NORMAL
트아스므아느느이아 르아느크에올아트아 열매/잎추출물,지성,NORMAL
트아스므아느느이아 르아느크에올아트아 열매/잎추출물,복합성,NORMAL
이눌린 라우릴 카바메이트,건성,NORMAL
이눌린 라우릴 카바메이트,지성,NORMAL
이눌린 라우릴 카바메이트,복합성,NORMAL
테트라드에크일 아므이느오브우트이르오일브알일아므이느오브우트이르익 우레아 트라이프르우오르오아크에트에이트,건성,GOOD
테트라드에크일 아므이느오브우트이르오일브알일아므이느오브우트이르익 우레아 트라이프르우오르오아크에트에이트,지성,NORMAL
테트라드에크일 아므이느오브우트이르오일브알일아므이느오브우트이르익 우레아 트라이프르우오르오아크에트에이트,복합성,GOOD
데하이드로아세틱애씨드,건성,NORMAL
데하이드로아세틱애씨드,지성,NORMAL
데하이드로아세틱애씨드,복합성,NORMAL
아이소드에크일 네오펜타노에이트,건성,NORMAL
아이소드에크일 네오펜타노에이트,지성,GOOD
아이소드에크일 네오펜타노에이트,복합성,NORMAL
C13-15 알크안,건성,GOOD
C13-15 알크안,지성,GOOD
C13-15 알크안,복합성,GOOD
수크로오스 라우레이트,건성,GOOD
수크로오스 라우레이트,지성,NORMAL
수크로오스 라우레이트,복합성,NORMAL
아크릴레이트/에틸헥실 아크릴레이트 크로스폴리머,건성,NORMAL
아크릴레이트/에틸헥실 아크릴레이트 크로스폴리머,지성,GOOD
아크릴레이트/에틸헥실 아크릴레이트 크로스폴리머,복합성,NORMAL
드오데카느에,건성,NORMAL
드오데카느에,지성,NORMAL
드오데카느에,복합성,NORMAL
아이소느오느일 아이소노나노에이트,건성,GOOD
아이소느오느일 아이소노나노에이트,지성,GOOD
아이소느오느일 아이소노나노에이트,복합성,NORMAL
에틸엔/프로필엔/스트이르엔 코폴리머,건성,GOOD
에틸엔/프로필엔/스트이르엔 코폴리머,지성,CAUTION
에틸엔/프로필엔/스트이르엔 코폴리머,복합성,NORMAL
실리카 다이메틸 실릴레이트,건성,NORMAL
실리카 다이메틸 실릴레이트,지성,NORMAL
실리카 다이메틸 실릴레이트,복합성,NORMAL
부틸엔/에틸엔/스트이르엔 코폴리머,건성,NORMAL
부틸엔/에틸엔/스트이르엔 코폴리머,지성,NORMAL
부틸엔/에틸엔/스트이르엔 코폴리머,복합성,NORMAL
트라이하이드록시스테아이느,건성,NORMAL
트라이하이드록시스테아이느,지성,NORMAL
트라이하이드록시스테아이느,복합성,NORMAL
글루크오므아느느아느,건성,CAUTION
글루크오므아느느아느,지성,NORMAL
글루크오므아느느아느,복합성,CAUTION
에틸 22-다이메틸하이드로크이느느아므알,건성,CAUTION
에틸 22-다이메틸하이드로크이느느아므알,지성,CAUTION
에틸 22-다이메틸하이드로크이느느아므알,복합성,CAUTION
알파-알부틴,건성,NORMAL
알파-알부틴,지성,NORMAL
알파-알부틴,복합성,NORMAL
에틸헥실 팔미테이트,건성,GOOD
에틸헥실 팔미테이트,지성,CAUTION
에틸헥실 팔미테이트,복합성,NORMAL
선모초뿌리추출물,건성,GOOD
선모초뿌리추출물,지성,NORMAL
선모초뿌리추출물,복합성,GOOD
그알르일 글루코사이드,건성,GOOD
그알르일 글루코사이드,지성,NORMAL
그알르일 글루코사이드,복합성,GOOD
알부틴,건성,NORMAL
알부틴,지성,NORMAL
알부틴,복합성,NORMAL
에프이그알르오크에이트크이느 그알르아트일 글루코사이드,건성,GOOD
에프이그알르오크에이트크이느 그알르아트일 글루코사이드,지성,NORMAL
에프이그알르오크에이트크이느 그알르아트일 글루코사이드,복합성,NORMAL
다이스오다이움 아세틸 글루코사민 포스페이트,건성,GOOD
다이스오다이움 아세틸 글루코사민 포스페이트,지성,NORMAL
다이스오다이움 아세틸 글루코사민 포스페이트,복합성,NORMAL
로즈힙씨오일,건성,GOOD
로즈힙씨오일,지성,GOOD
로즈힙씨오일,복합성,NORMAL
만델릭애씨드,건성,CAUTION
만델릭애씨드,지성,GOOD
만델릭애씨드,복합성,NORMAL
제라늄꽃오일,건성,CAUTION
제라늄꽃오일,지성,CAUTION
제라늄꽃오일,복합성,CAUTION
키겔리아아프리카나열매추출물,건성,CAUTION
키겔리아아프리카나열매추출물,지성,CAUTION
키겔리아아프리카나열매추출물,복합성,CAUTION
베헤닐알코올,건성,NORMAL
베헤닐알코올,지성,NORMAL
베헤닐알코올,복합성,NORMAL
글리세릴 스테아레이트 시트레이트,건성,GOOD
글리세릴 스테아레이트 시트레이트,지성,GOOD
글리세릴 스테아레이트 시트레이트,복합성,GOOD
느일오느-12,건성,NORMAL
느일오느-12,지성,NORMAL
느일오느-12,복합성,NORMAL
프오그오스트에므오느 크아브르이느 잎오일,건성,CAUTION
프오그오스트에므오느 크아브르이느 잎오일,지성,CAUTION
프오그오스트에므오느 크아브르이느 잎오일,복합성,CAUTION
하이드록시프로필 테트라하이드로프이르아느트라이올,건성,NORMAL
하이드록시프로필 테트라하이드로프이르아느트라이올,지성,NORMAL
하이드록시프로필 테트라하이드로프이르아느트라이올,복합성,NORMAL
살구씨오일,건성,GOOD
살구씨오일,지성,NORMAL
살구씨오일,복합성,NORMAL
소르빅애씨드,건성,NORMAL
소르빅애씨드,지성,NORMAL
소르빅애씨드,복합성,NORMAL
다이메티콘올,건성,NORMAL
다이메티콘올,지성,GOOD
다이메티콘올,복합성,NORMAL
다이메티콘 크로스폴리머,건성,NORMAL
다이메티콘 크로스폴리머,지성,NORMAL
다이메티콘 크로스폴리머,복합성,NORMAL
소듐 코코일 글루타메이트,건성,NORMAL
소듐 코코일 글루타메이트,지성,NORMAL
소듐 코코일 글루타메이트,복합성,NORMAL
아이소프로필 아이소스테아레이트,건성,NORMAL
아이소프로필 아이소스테아레이트,지성,GOOD
아이소프로필 아이소스테아레이트,복합성,NORMAL
세테아릴 글루코사이드,건성,NORMAL
세테아릴 글루코사이드,지성,NORMAL
세테아릴 글루코사이드,복합성,NORMAL
팔미토일 펜타펩타이드-4,건성,NORMAL
팔미토일 펜타펩타이드-4,지성,NORMAL
팔미토일 펜타펩타이드-4,복합성,NORMAL
소듐 아크릴레이트 코폴리머,건성,NORMAL
소듐 아크릴레이트 코폴리머,지성,NORMAL
소듐 아크릴레이트 코폴리머,복합성,NORMAL
폴리에틸렌,건성,NORMAL
폴리에틸렌,지성,CAUTION
폴리에틸렌,복합성,NORMAL
알루미늄스타치옥테닐석시네이트,건성,NORMAL
알루미늄스타치옥테닐석시네이트,지성,NORMAL
알루미늄스타치옥테닐석시네이트,복합성,NORMAL
에틸프아르아브에느,건성,NORMAL
에틸프아르아브에느,지성,NORMAL
에틸프아르아브에느,복합성,NORMAL
마이카,건성,NORMAL
마이카,지성,NORMAL
마이카,복합성,NORMAL
올레익애씨드,건성,GOOD
올레익애씨드,지성,CAUTION
올레익애씨드,복합성,NORMAL
폴리스이르익온-11,건성,NORMAL
폴리스이르익온-11,지성,GOOD
폴리스이르익온-11,복합성,NORMAL
트라이올레이느,건성,NORMAL
트라이올레이느,지성,NORMAL
트라이올레이느,복합성,NORMAL
콩씨추출물,건성,NORMAL
콩씨추출물,지성,NORMAL
콩씨추출물,복합성,NORMAL
아이소크에트에티-20,건성,CAUTION
아이소크에트에티-20,지성,CAUTION
아이소크에트에티-20,복합성,CAUTION
아므이느오메틸 프르오프아느올,건성,NORMAL
아므이느오메틸 프르오프아느올,지성,NORMAL
아므이느오메틸 프르오프아느올,복합성,NORMAL
아르간커넬오일,건성,GOOD
아르간커넬오일,지성,GOOD
아르간커넬오일,복합성,NORMAL
호호바씨오일,건성,GOOD
호호바씨오일,지성,GOOD
호호바씨오일,복합성,GOOD
사차인치씨오일,건성,GOOD
사차인치씨오일,지성,NORMAL
사차인치씨오일,복합성,NORMAL
잇꽃씨오일,건성,GOOD
잇꽃씨오일,지성,GOOD
잇꽃씨오일,복합성,NORMAL
사이클로메티콘,건성,NORMAL
사이클로메티콘,지성,NORMAL
사이클로메티콘,복합성,NORMAL
므에느티올,건성,CAUTION
므에느티올,지성,CAUTION
므에느티올,복합성,CAUTION
다이스테아다이므오느이움 흐에크트오르이트에,건성,NORMAL
다이스테아다이므오느이움 흐에크트오르이트에,지성,NORMAL
다이스테아다이므오느이움 흐에크트오르이트에,복합성,NORMAL
트라이실록세인,건성,NORMAL
트라이실록세인,지성,GOOD
트라이실록세인,복합성,NORMAL
드므드므 흐이드아느트오이느,건성,NORMAL
드므드므 흐이드아느트오이느,지성,NORMAL
드므드므 흐이드아느트오이느,복합성,NORMAL
스이므에티익온,건성,NORMAL
스이므에티익온,지성,NORMAL
스이므에티익온,복합성,NORMAL
암모늄 자일엔스우르프오느에이트,건성,NORMAL
암모늄 자일엔스우르프오느에이트,지성,NORMAL
암모늄 자일엔스우르프오느에이트,복합성,NORMAL
소듐 브오르에이트,건성,NORMAL
소듐 브오르에이트,지성,NORMAL
소듐 브오르에이트,복합성,NORMAL
암모늄 라우릴 설페이트,건성,CAUTION
암모늄 라우릴 설페이트,지성,NORMAL
암모늄 라우릴 설페이트,복합성,NORMAL
잇꽃올레오솜,건성,GOOD
잇꽃올레오솜,지성,NORMAL
잇꽃올레오솜,복합성,NORMAL
류코노스톡 발효물 여과물,건성,NORMAL
류코노스톡 발효물 여과물,지성,NORMAL
류코노스톡 발효물 여과물,복합성,NORMAL
브오르아그오 오피시날리스 잎추출물,건성,NORMAL
브오르아그오 오피시날리스 잎추출물,지성,NORMAL
브오르아그오 오피시날리스 잎추출물,복합성,NORMAL
락토바실러스/아르우느다이느아르이아 그이그아느트에아 발효물 여과물,건성,NORMAL
락토바실러스/아르우느다이느아르이아 그이그아느트에아 발효물 여과물,지성,NORMAL
락토바실러스/아르우느다이느아르이아 그이그아느트에아 발효물 여과물,복합성,NORMAL
트라이데실 스테아레이트,건성,NORMAL
트라이데실 스테아레이트,지성,NORMAL
트라이데실 스테아레이트,복합성,NORMAL
알로에베라잎추출물,건성,GOOD
알로에베라잎추출물,지성,NORMAL
알로에베라잎추출물,복합성,NORMAL
보스웰리아추출물,건성,CAUTION
보스웰리아추출물,지성,CAUTION
보스웰리아추출물,복합성,CAUTION
소르비탄 팔미테이트,건성,NORMAL
소르비탄 팔미테이트,지성,CAUTION
소르비탄 팔미테이트,복합성,NORMAL
테트라펩타이드-14,건성,NORMAL
테트라펩타이드-14,지성,NORMAL
테트라펩타이드-14,복합성,NORMAL
느에오프에느트일 글라이콜 다이카프릴레이트/다이카프레이트,건성,GOOD
느에오프에느트일 글라이콜 다이카프릴레이트/다이카프레이트,지성,CAUTION
느에오프에느트일 글라이콜 다이카프릴레이트/다이카프레이트,복합성,NORMAL
트라이데실 트라이멜리테이트,건성,NORMAL
트라이데실 트라이멜리테이트,지성,NORMAL
트라이데실 트라이멜리테이트,복합성,NORMAL
폴리글리세릴-3 다이아이소스테아에이트,건성,NORMAL
폴리글리세릴-3 다이아이소스테아에이트,지성,NORMAL
폴리글리세릴-3 다이아이소스테아에이트,복합성,NORMAL
폴리글리세릴-3 폴리리시놀리에이트,건성,NORMAL
폴리글리세릴-3 폴리리시놀리에이트,지성,GOOD
폴리글리세릴-3 폴리리시놀리에이트,복합성,NORMAL
꿀추출물,건성,GOOD
꿀추출물,지성,NORMAL
꿀추출물,복합성,GOOD
트레티노인,건성,GOOD
트레티노인,지성,GOOD
트레티노인,복합성,CAUTION
아스타잔틴,건성,NORMAL
아스타잔틴,지성,NORMAL
아스타잔틴,복합성,NORMAL
크이크르오아스트르아그에느올,건성,NORMAL
크이크르오아스트르아그에느올,지성,NORMAL
크이크르오아스트르아그에느올,복합성,NORMAL
크아프프아프이크우스 알브아르에즈이이 추출물,건성,NORMAL
크아프프아프이크우스 알브아르에즈이이 추출물,지성,NORMAL
크아프프아프이크우스 알브아르에즈이이 추출물,복합성,NORMAL
SH-폴리펩타이드-11,건성,NORMAL
SH-폴리펩타이드-11,지성,NORMAL
SH-폴리펩타이드-11,복합성,NORMAL
아세틸 테트라펩타이드-5,건성,NORMAL
아세틸 테트라펩타이드-5,지성,NORMAL
아세틸 테트라펩타이드-5,복합성,NORMAL
코코넛열매즙,건성,GOOD
코코넛열매즙,지성,NORMAL
코코넛열매즙,복합성,NORMAL
세틸 에틸헥사느오에이트,건성,GOOD
세틸 에틸헥사느오에이트,지성,GOOD
세틸 에틸헥사느오에이트,복합성,NORMAL
아이소스테아릭애씨드,건성,NORMAL
아이소스테아릭애씨드,지성,NORMAL
아이소스테아릭애씨드,복합성,NORMAL
팔미토일 트라이펩타이드-5,건성,NORMAL
팔미토일 트라이펩타이드-5,지성,NORMAL
팔미토일 트라이펩타이드-5,복합성,NORMAL
팔미토일 헥사펩타이드-14,건성,NORMAL
팔미토일 헥사펩타이드-14,지성,NORMAL
팔미토일 헥사펩타이드-14,복합성,NORMAL
폴리글리세릴-4 라우레이트/석시네이트,건성,NORMAL
폴리글리세릴-4 라우레이트/석시네이트,지성,NORMAL
폴리글리세릴-4 라우레이트/석시네이트,복합성,NORMAL
셀룰로오스검,건성,NORMAL
셀룰로오스검,지성,NORMAL
셀룰로오스검,복합성,NORMAL
소르비탄 세스퀴아이소스테아레이트,건성,NORMAL
소르비탄 세스퀴아이소스테아레이트,지성,NORMAL
소르비탄 세스퀴아이소스테아레이트,복합성,NORMAL
그르오브우르아르이아 크오르다이프올이아 캘러스 배양물 추출물,건성,NORMAL
그르오브우르아르이아 크오르다이프올이아 캘러스 배양물 추출물,지성,NORMAL
그르오브우르아르이아 크오르다이프올이아 캘러스 배양물 추출물,복합성,NORMAL
로즈힙열매오일,건성,CAUTION
로즈힙열매오일,지성,CAUTION
로즈힙열매오일,복합성,CAUTION
폴리하이드록시스테아익 애씨드,건성,NORMAL
폴리하이드록시스테아익 애씨드,지성,NORMAL
폴리하이드록시스테아익 애씨드,복합성,NORMAL
아이언옥사이드,건성,NORMAL
아이언옥사이드,지성,NORMAL
아이언옥사이드,복합성,NORMAL
스알익오르느이아 흐에르브아크에아 추출물,건성,GOOD
스알익오르느이아 흐에르브아크에아 추출물,지성,NORMAL
스알익오르느이아 흐에르브아크에아 추출물,복합성,GOOD
아스트르아그알우스 므에므브르아느아크에우스 뿌리추출물,건성,NORMAL
아스트르아그알우스 므에므브르아느아크에우스 뿌리추출물,지성,GOOD
아스트르아그알우스 므에므브르아느아크에우스 뿌리추출물,복합성,NORMAL
호호바 에스터,건성,GOOD
호호바 에스터,지성,GOOD
호호바 에스터,복합성,NORMAL
아이소도데칸,건성,GOOD
아이소도데칸,지성,GOOD
아이소도데칸,복합성,GOOD
파라피눔리퀴덤,건성,GOOD
파라피눔리퀴덤,지성,CAUTION
파라피눔리퀴덤,복합성,CAUTION
트르오프올온,건성,CAUTION
트르오프올온,지성,NORMAL
트르오프올온,복합성,NORMAL
티타늄디옥사이드,건성,CAUTION
티타늄디옥사이드,지성,GOOD
티타늄디옥사이드,복합성,NORMAL
PEG-6 카프릴릭/카프릭 글리세라이드,건성,NORMAL
PEG-6 카프릴릭/카프릭 글리세라이드,지성,NORMAL
PEG-6 카프릴릭/카프릭 글리세라이드,복합성,NORMAL
마이크로크리스탈린셀룰로오스,건성,NORMAL
마이크로크리스탈린셀룰로오스,지성,GOOD
마이크로크리스탈린셀룰로오스,복합성,NORMAL
풀루란,건성,CAUTION
풀루란,지성,NORMAL
풀루란,복합성,NORMAL
트에프르에느온,건성,GOOD
트에프르에느온,지성,GOOD
트에프르에느온,복합성,GOOD
에르이티르우르오스에,건성,NORMAL
에르이티르우르오스에,지성,NORMAL
에르이티르우르오스에,복합성,NORMAL
락토바실러스/크에르프 발효물 여과물,건성,GOOD
락토바실러스/크에르프 발효물 여과물,지성,NORMAL
락토바실러스/크에르프 발효물 여과물,복합성,NORMAL
아세틸 헥사펩타이드-1,건성,NORMAL
아세틸 헥사펩타이드-1,지성,NORMAL
아세틸 헥사펩타이드-1,복합성,NORMAL
4-트-부틸크이크르오헥사느올,건성,CAUTION
4-트-부틸크이크르오헥사느올,지성,NORMAL
4-트-부틸크이크르오헥사느올,복합성,NORMAL
크에트르아르이아 이스르아느다이크아 티알르우스 추출물,건성,GOOD
크에트르아르이아 이스르아느다이크아 티알르우스 추출물,지성,NORMAL
크에트르아르이아 이스르아느다이크아 티알르우스 추출물,복합성,NORMAL
폴리프오다이움 브우르그아르에 르흐이즈오므에 추출물,건성,NORMAL
폴리프오다이움 브우르그아르에 르흐이즈오므에 추출물,지성,NORMAL
폴리프오다이움 브우르그아르에 르흐이즈오므에 추출물,복합성,NORMAL
틴옥사이드,건성,NORMAL
틴옥사이드,지성,NORMAL
틴옥사이드,복합성,NORMAL
카멜리나씨오일,건성,GOOD
카멜리나씨오일,지성,NORMAL
카멜리나씨오일,복합성,NORMAL
프루누스 도메스티카 씨추출물,건성,GOOD
프루누스 도메스티카 씨추출물,지성,CAUTION
프루누스 도메스티카 씨추출물,복합성,CAUTION
페르세아 그라티시마 오일 우느스아프오느이프이아브르에스,건성,GOOD
페르세아 그라티시마 오일 우느스아프오느이프이아브르에스,지성,CAUTION
페르세아 그라티시마 오일 우느스아프오느이프이아브르에스,복합성,CAUTION
제라늄오일,건성,CAUTION
제라늄오일,지성,CAUTION
제라늄오일,복합성,CAUTION
하이드로제네이티드 폴리아이소부텐,건성,GOOD
하이드로제네이티드 폴리아이소부텐,지성,CAUTION
하이드로제네이티드 폴리아이소부텐,복합성,NORMAL
프아다이느아 프아브오느익아 티알르우스 추출물,건성,NORMAL
프아다이느아 프아브오느익아 티알르우스 추출물,지성,NORMAL
프아다이느아 프아브오느익아 티알르우스 추출물,복합성,NORMAL
해바라기 아누우스 씨오일 우느스아프오느이프이아브르에스,건성,GOOD
해바라기 아누우스 씨오일 우느스아프오느이프이아브르에스,지성,CAUTION
해바라기 아누우스 씨오일 우느스아프오느이프이아브르에스,복합성,GOOD
PEG-10 다이메티콘,건성,NORMAL
PEG-10 다이메티콘,지성,NORMAL
PEG-10 다이메티콘,복합성,NORMAL
라우릴 PEG-9 폴리다이메틸스이르오엑스이에틸 다이메티콘,건성,NORMAL
라우릴 PEG-9 폴리다이메틸스이르오엑스이에틸 다이메티콘,지성,NORMAL
라우릴 PEG-9 폴리다이메틸스이르오엑스이에틸 다이메티콘,복합성,NORMAL
다이메티콘/PEG-10/15 크로스폴리머,건성,NORMAL
다이메티콘/PEG-10/15 크로스폴리머,지성,NORMAL
다이메티콘/PEG-10/15 크로스폴리머,복합성,NORMAL
소듐 폴리아크릴레이트,건성,NORMAL
소듐 폴리아크릴레이트,지성,NORMAL
소듐 폴리아크릴레이트,복합성,NORMAL
아크르일오느이트라이르에/메틸 메타크릴레이트/브이느일이드엔 클로라이드 코폴리머,건성,NORMAL
아크르일오느이트라이르에/메틸 메타크릴레이트/브이느일이드엔 클로라이드 코폴리머,지성,NORMAL
아크르일오느이트라이르에/메틸 메타크릴레이트/브이느일이드엔 클로라이드 코폴리머,복합성,NORMAL
PEG/PPG-18/18 다이메티콘,건성,NORMAL
PEG/PPG-18/18 다이메티콘,지성,NORMAL
PEG/PPG-18/18 다이메티콘,복합성,NORMAL
다이프로필렌글라이콜,건성,NORMAL
다이프로필렌글라이콜,지성,NORMAL
다이프로필렌글라이콜,복합성,NORMAL
아이소부탄,건성,NORMAL
아이소부탄,지성,NORMAL
아이소부탄,복합성,NORMAL
티-부틸알코올,건성,CAUTION
티-부틸알코올,지성,NORMAL
티-부틸알코올,복합성,CAUTION
크올레스트에르일 올레일 카보네이트,건성,NORMAL
크올레스트에르일 올레일 카보네이트,지성,NORMAL
크올레스트에르일 올레일 카보네이트,복합성,NORMAL
크올레스트에르일 스테아레이트,건성,NORMAL
크올레스트에르일 스테아레이트,지성,NORMAL
크올레스트에르일 스테아레이트,복합성,NORMAL
세라마이드엔지,건성,GOOD
세라마이드엔지,지성,NORMAL
세라마이드엔지,복합성,GOOD
크올레스트에르일 노나노에이트,건성,NORMAL
크올레스트에르일 노나노에이트,지성,NORMAL
크올레스트에르일 노나노에이트,복합성,NORMAL
크랜베리씨오일,건성,GOOD
크랜베리씨오일,지성,NORMAL
크랜베리씨오일,복합성,GOOD
아비시니안케일씨오일,건성,GOOD
아비시니안케일씨오일,지성,NORMAL
아비시니안케일씨오일,복합성,NORMAL
트라이브에흐에느이느,건성,NORMAL
트라이브에흐에느이느,지성,NORMAL
트라이브에흐에느이느,복합성,NORMAL
패션프루트씨오일,건성,GOOD
패션프루트씨오일,지성,GOOD
패션프루트씨오일,복합성,GOOD
크알오프일르움 이느오프일르움 씨오일,건성,GOOD
크알오프일르움 이느오프일르움 씨오일,지성,NORMAL
크알오프일르움 이느오프일르움 씨오일,복합성,NORMAL
소르비탄 세스퀴올리에이트,건성,GOOD
소르비탄 세스퀴올리에이트,지성,GOOD
소르비탄 세스퀴올리에이트,복합성,NORMAL
석류씨오일,건성,GOOD
석류씨오일,지성,NORMAL
석류씨오일,복합성,NORMAL
PEG-12 다이메티콘/PPG-20 크로스폴리머,건성,NORMAL
PEG-12 다이메티콘/PPG-20 크로스폴리머,지성,GOOD
PEG-12 다이메티콘/PPG-20 크로스폴리머,복합성,NORMAL
카프릴릴 메티콘,건성,NORMAL
카프릴릴 메티콘,지성,GOOD
카프릴릴 메티콘,복합성,NORMAL
스아프이느드우스 므우크오르오스스이 열매추출물,건성,NORMAL
스아프이느드우스 므우크오르오스스이 열매추출물,지성,NORMAL
스아프이느드우스 므우크오르오스스이 열매추출물,복합성,NORMAL
르에오느트오프오다이움 알프이느움 캘러스 배양물 추출물,건성,NORMAL
르에오느트오프오다이움 알프이느움 캘러스 배양물 추출물,지성,NORMAL
르에오느트오프오다이움 알프이느움 캘러스 배양물 추출물,복합성,NORMAL
에틸 아스크오르브익 애씨드,건성,NORMAL
에틸 아스크오르브익 애씨드,지성,NORMAL
에틸 아스크오르브익 애씨드,복합성,NORMAL
펜타에리스리틸 테트라아이소스테아레이트,건성,NORMAL
펜타에리스리틸 테트라아이소스테아레이트,지성,NORMAL
펜타에리스리틸 테트라아이소스테아레이트,복합성,NORMAL
트라이메틸스이르오엑스이스이르익에이트,건성,NORMAL
트라이메틸스이르오엑스이스이르익에이트,지성,NORMAL
트라이메틸스이르오엑스이스이르익에이트,복합성,NORMAL
하이드록시므에티오엑스이페닐일 프로필메틸므에티오엑스이벤즈오프우르아느,건성,NORMAL
하이드록시므에티오엑스이페닐일 프로필메틸므에티오엑스이벤즈오프우르아느,지성,NORMAL
하이드록시므에티오엑스이페닐일 프로필메틸므에티오엑스이벤즈오프우르아느,복합성,NORMAL
세테아릴 에틸헥사느오에이트,건성,NORMAL
세테아릴 에틸헥사느오에이트,지성,GOOD
세테아릴 에틸헥사느오에이트,복합성,GOOD
팔미토일 헥사펩타이드-52,건성,NORMAL
팔미토일 헥사펩타이드-52,지성,NORMAL
팔미토일 헥사펩타이드-52,복합성,NORMAL
팔미토일 헵타펩타이드-18,건성,NORMAL
팔미토일 헵타펩타이드-18,지성,NORMAL
팔미토일 헵타펩타이드-18,복합성,NORMAL
헵타펩타이드-15 팔미테이트,건성,NORMAL
헵타펩타이드-15 팔미테이트,지성,NORMAL
헵타펩타이드-15 팔미테이트,복합성,NORMAL
PPG-3 아이소스테아릴 메틸 에터,건성,NORMAL
PPG-3 아이소스테아릴 메틸 에터,지성,NORMAL
PPG-3 아이소스테아릴 메틸 에터,복합성,NORMAL
하이드록시페닐오엑스이 프르오프이오느익 애씨드,건성,NORMAL
하이드록시페닐오엑스이 프르오프이오느익 애씨드,지성,GOOD
하이드록시페닐오엑스이 프르오프이오느익 애씨드,복합성,NORMAL
페닐일에틸 레조시놀,건성,NORMAL
페닐일에틸 레조시놀,지성,NORMAL
페닐일에틸 레조시놀,복합성,NORMAL
루스쿠스뿌리추출물,건성,CAUTION
루스쿠스뿌리추출물,지성,NORMAL
루스쿠스뿌리추출물,복합성,NORMAL
프이스트아크이아 르에느트이스크우스 검,건성,NORMAL
프이스트아크이아 르에느트이스크우스 검,지성,GOOD
프이스트아크이아 르에느트이스크우스 검,복합성,NORMAL
메틸 메타크릴레이트/PEG/PPG-4/3 메타크릴레이트 크로스폴리머,건성,NORMAL
메틸 메타크릴레이트/PEG/PPG-4/3 메타크릴레이트 크로스폴리머,지성,NORMAL
메틸 메타크릴레이트/PEG/PPG-4/3 메타크릴레이트 크로스폴리머,복합성,NORMAL
아이소아므일 라우레이트,건성,NORMAL
아이소아므일 라우레이트,지성,NORMAL
아이소아므일 라우레이트,복합성,NORMAL
C12-14 프아르에티-12,건성,NORMAL
C12-14 프아르에티-12,지성,GOOD
C12-14 프아르에티-12,복합성,NORMAL
프에르프르우오르오프에르하이드로페닐아느티르엔,건성,NORMAL
프에르프르우오르오프에르하이드로페닐아느티르엔,지성,NORMAL
프에르프르우오르오프에르하이드로페닐아느티르엔,복합성,NORMAL
프에르프르우오르오헥사느에,건성,NORMAL
프에르프르우오르오헥사느에,지성,NORMAL
프에르프르우오르오헥사느에,복합성,NORMAL
프에르프르우오르오데카르이느,건성,NORMAL
프에르프르우오르오데카르이느,지성,CAUTION
프에르프르우오르오데카르이느,복합성,NORMAL
PEG-20 글리세릴 트라이아이소스테아레이트,건성,NORMAL
PEG-20 글리세릴 트라이아이소스테아레이트,지성,NORMAL
PEG-20 글리세릴 트라이아이소스테아레이트,복합성,NORMAL
퐁가미아씨오일,건성,NORMAL
퐁가미아씨오일,지성,NORMAL
퐁가미아씨오일,복합성,NORMAL
에틸헥실 스테아레이트,건성,NORMAL
에틸헥실 스테아레이트,지성,NORMAL
에틸헥실 스테아레이트,복합성,NORMAL
카올린,건성,CAUTION
카올린,지성,GOOD
카올린,복합성,CAUTION
소르비탄 트라이올리에이트,건성,NORMAL
소르비탄 트라이올리에이트,지성,NORMAL
소르비탄 트라이올리에이트,복합성,NORMAL
소듐 코코일 이세티오네이트,건성,GOOD
소듐 코코일 이세티오네이트,지성,NORMAL
소듐 코코일 이세티오네이트,복합성,GOOD
다이스오다이움 코크오아므프오다이프르오프이오느에이트,건성,NORMAL
다이스오다이움 코크오아므프오다이프르오프이오느에이트,지성,NORMAL
다이스오다이움 코크오아므프오다이프르오프이오느에이트,복합성,NORMAL
만다린껍질오일,건성,CAUTION
만다린껍질오일,지성,CAUTION
만다린껍질오일,복합성,CAUTION
소듐 라우로일 글루타메이트,건성,NORMAL
소듐 라우로일 글루타메이트,지성,NORMAL
소듐 라우로일 글루타메이트,복합성,NORMAL
아이소아므일 코크오에이트,건성,GOOD
아이소아므일 코크오에이트,지성,GOOD
아이소아므일 코크오에이트,복합성,NORMAL
다이스오다이움 라우릴 설포석시네이트,건성,CAUTION
다이스오다이움 라우릴 설포석시네이트,지성,NORMAL
다이스오다이움 라우릴 설포석시네이트,복합성,NORMAL
크올르오이드알 오트밀,건성,NORMAL
크올르오이드알 오트밀,지성,NORMAL
크올르오이드알 오트밀,복합성,NORMAL
C20-40 프아르에티-10,건성,GOOD
C20-40 프아르에티-10,지성,CAUTION
C20-40 프아르에티-10,복합성,CAUTION
올이브에 오일 PEG-7 에스터,건성,GOOD
올이브에 오일 PEG-7 에스터,지성,CAUTION
올이브에 오일 PEG-7 에스터,복합성,CAUTION
폴리메틸스이르스에스쿼이오엑스안,건성,NORMAL
폴리메틸스이르스에스쿼이오엑스안,지성,NORMAL
폴리메틸스이르스에스쿼이오엑스안,복합성,NORMAL
PEG-6,건성,NORMAL
PEG-6,지성,NORMAL
PEG-6,복합성,NORMAL
C14-22알코올,건성,NORMAL
C14-22알코올,지성,NORMAL
C14-22알코올,복합성,NORMAL
세틸 다이메티콘,건성,NORMAL
세틸 다이메티콘,지성,NORMAL
세틸 다이메티콘,복합성,NORMAL
포타슘 세틸 포스페이트,건성,NORMAL
포타슘 세틸 포스페이트,지성,NORMAL
포타슘 세틸 포스페이트,복합성,NORMAL
페트롤라툼,건성,GOOD
페트롤라툼,지성,CAUTION
페트롤라툼,복합성,CAUTION
다이스오다이움 라우르에티 설포석시네이트,건성,CAUTION
다이스오다이움 라우르에티 설포석시네이트,지성,NORMAL
다이스오다이움 라우르에티 설포석시네이트,복합성,NORMAL
수크로오스 팔미테이트,건성,GOOD
수크로오스 팔미테이트,지성,NORMAL
수크로오스 팔미테이트,복합성,NORMAL
수크로오스 스테아레이트,건성,GOOD
수크로오스 스테아레이트,지성,NORMAL
수크로오스 스테아레이트,복합성,NORMAL
에틸헥실 하이드록시스테아레이트,건성,NORMAL
에틸헥실 하이드록시스테아레이트,지성,CAUTION
에틸헥실 하이드록시스테아레이트,복합성,NORMAL
C12-20 알킬 글루코사이드,건성,NORMAL
C12-20 알킬 글루코사이드,지성,NORMAL
C12-20 알킬 글루코사이드,복합성,NORMAL
소듐 아스크오르브일 포스페이트,건성,NORMAL
소듐 아스크오르브일 포스페이트,지성,GOOD
소듐 아스크오르브일 포스페이트,복합성,NORMAL
몬모릴로나이트,건성,CAUTION
몬모릴로나이트,지성,GOOD
몬모릴로나이트,복합성,CAUTION
포타슘 아즈에르오일 다이글리크이느에이트,건성,NORMAL
포타슘 아즈에르오일 다이글리크이느에이트,지성,GOOD
포타슘 아즈에르오일 다이글리크이느에이트,복합성,GOOD
레스베라트롤,건성,NORMAL
레스베라트롤,지성,NORMAL
레스베라트롤,복합성,NORMAL
벤토나이트,건성,NORMAL
벤토나이트,지성,GOOD
벤토나이트,복합성,NORMAL
스아르크오드오느 아스프르아트우스 추출물,건성,NORMAL
스아르크오드오느 아스프르아트우스 추출물,지성,NORMAL
스아르크오드오느 아스프르아트우스 추출물,복합성,NORMAL
트우브에르 므에르아느오스프오르움 추출물,건성,GOOD
트우브에르 므에르아느오스프오르움 추출물,지성,NORMAL
트우브에르 므에르아느오스프오르움 추출물,복합성,NORMAL
즈아느티오자일움 프이프에르이트움 열매추출물,건성,CAUTION
즈아느티오자일움 프이프에르이트움 열매추출물,지성,CAUTION
즈아느티오자일움 프이프에르이트움 열매추출물,복합성,CAUTION
아라키딜 글루코사이드,건성,GOOD
아라키딜 글루코사이드,지성,GOOD
아라키딜 글루코사이드,복합성,GOOD
아라키딜알코올,건성,NORMAL
아라키딜알코올,지성,NORMAL
아라키딜알코올,복합성,NORMAL
우스느에아 브아르브아트아 추출물,건성,NORMAL
우스느에아 브아르브아트아 추출물,지성,NORMAL
우스느에아 브아르브아트아 추출물,복합성,NORMAL
프우르스아트이르르아 크오르에아느아 추출물,건성,CAUTION
프우르스아트이르르아 크오르에아느아 추출물,지성,NORMAL
프우르스아트이르르아 크오르에아느아 추출물,복합성,NORMAL
르이느움 우스이트아트이스스이므움 씨오일,건성,GOOD
르이느움 우스이트아트이스스이므움 씨오일,지성,NORMAL
르이느움 우스이트아트이스스이므움 씨오일,복합성,NORMAL
베르가모트열매오일,건성,CAUTION
베르가모트열매오일,지성,CAUTION
베르가모트열매오일,복합성,CAUTION
리놀레닉애씨드,건성,GOOD
리놀레닉애씨드,지성,NORMAL
리놀레닉애씨드,복합성,NORMAL
징크옥사이드,건성,CAUTION
징크옥사이드,지성,NORMAL
징크옥사이드,복합성,CAUTION
귤껍질오일,건성,CAUTION
귤껍질오일,지성,CAUTION
귤껍질오일,복합성,CAUTION
비스 스테아릴 에틸렌다이아민/느에오프에느트일 글라이콜/스테아릴 하이드로제네이티드 다이머 다이리놀리에이트 코폴리머,건성,NORMAL
비스 스테아릴 에틸렌다이아민/느에오프에느트일 글라이콜/스테아릴 하이드로제네이티드 다이머 다이리놀리에이트 코폴리머,지성,NORMAL
비스 스테아릴 에틸렌다이아민/느에오프에느트일 글라이콜/스테아릴 하이드로제네이티드 다이머 다이리놀리에이트 코폴리머,복합성,NORMAL
오렌지열매추출물,건성,GOOD
오렌지열매추출물,지성,GOOD
오렌지열매추출물,복합성,CAUTION
코코-카프릴레이트,건성,NORMAL
코코-카프릴레이트,지성,NORMAL
코코-카프릴레이트,복합성,NORMAL
코코-글루코사이드,건성,GOOD
코코-글루코사이드,지성,NORMAL
코코-글루코사이드,복합성,NORMAL
레몬껍질오일,건성,CAUTION
레몬껍질오일,지성,CAUTION
레몬껍질오일,복합성,CAUTION
데실 글루코사이드,건성,GOOD
데실 글루코사이드,지성,NORMAL
데실 글루코사이드,복합성,NORMAL
마그네슘 알루미늄 실리케이트,건성,NORMAL
마그네슘 알루미늄 실리케이트,지성,NORMAL
마그네슘 알루미늄 실리케이트,복합성,NORMAL
SH-올리고펩타이드-1,건성,NORMAL
SH-올리고펩타이드-1,지성,NORMAL
SH-올리고펩타이드-1,복합성,NORMAL
코코넛오일,건성,GOOD
코코넛오일,지성,CAUTION
코코넛오일,복합성,CAUTION
사탕수수추출물,건성,GOOD
사탕수수추출물,지성,GOOD
사탕수수추출물,복합성,NORMAL
마카다미아씨오일,건성,GOOD
마카다미아씨오일,지성,GOOD
마카다미아씨오일,복합성,NORMAL
이오드오프르오프이느일 부틸크아르브아므에이트,건성,NORMAL
이오드오프르오프이느일 부틸크아르브아므에이트,지성,GOOD
이오드오프르오프이느일 부틸크아르브아므에이트,복합성,NORMAL
폴리글리세릴-3 메틸글루크오스에 다이스테아에이트,건성,GOOD
폴리글리세릴-3 메틸글루크오스에 다이스테아에이트,지성,NORMAL
폴리글리세릴-3 메틸글루크오스에 다이스테아에이트,복합성,NORMAL
띠뿌리추출물,건성,GOOD
띠뿌리추출물,지성,NORMAL
띠뿌리추출물,복합성,GOOD
므아크르오크이스트이스 프이르이프에르아,건성,NORMAL
므아크르오크이스트이스 프이르이프에르아,지성,NORMAL
므아크르오크이스트이스 프이르이프에르아,복합성,NORMAL
콩오일,건성,GOOD
콩오일,지성,NORMAL
콩오일,복합성,NORMAL
마데카식애씨드,건성,NORMAL
마데카식애씨드,지성,NORMAL
마데카식애씨드,복합성,NORMAL
참깨씨오일,건성,GOOD
참깨씨오일,지성,NORMAL
참깨씨오일,복합성,NORMAL
다이펩타이드-2,건성,NORMAL
다이펩타이드-2,지성,NORMAL
다이펩타이드-2,복합성,NORMAL
느에오프에느트일 글라이콜 다이헵타느오에이트,건성,CAUTION
느에오프에느트일 글라이콜 다이헵타느오에이트,지성,CAUTION
느에오프에느트일 글라이콜 다이헵타느오에이트,복합성,CAUTION
흐에스프에르이다이느 메틸 크알크온,건성,NORMAL
흐에스프에르이다이느 메틸 크알크온,지성,NORMAL
흐에스프에르이다이느 메틸 크알크온,복합성,NORMAL
소듐 아크릴레이트/소듐 아크릴로일다이메틸 타우레이트 코폴리머,건성,GOOD
소듐 아크릴레이트/소듐 아크릴로일다이메틸 타우레이트 코폴리머,지성,GOOD
소듐 아크릴레이트/소듐 아크릴로일다이메틸 타우레이트 코폴리머,복합성,GOOD
락토바실러스/느에르에오크이스트이스 르우에트크에아느아 발효물 여과물,건성,NORMAL
락토바실러스/느에르에오크이스트이스 르우에트크에아느아 발효물 여과물,지성,NORMAL
락토바실러스/느에르에오크이스트이스 르우에트크에아느아 발효물 여과물,복합성,NORMAL
블랙커민씨오일,건성,GOOD
블랙커민씨오일,지성,NORMAL
블랙커민씨오일,복합성,NORMAL
코코넛열매추출물,건성,GOOD
코코넛열매추출물,지성,CAUTION
코코넛열매추출물,복합성,NORMAL
다이스오다이움 코코-글루코사이드 시트레이트,건성,CAUTION
다이스오다이움 코코-글루코사이드 시트레이트,지성,NORMAL
다이스오다이움 코코-글루코사이드 시트레이트,복합성,CAUTION
아이소프로필 팔미테이트,건성,CAUTION
아이소프로필 팔미테이트,지성,NORMAL
아이소프로필 팔미테이트,복합성,NORMAL
메도우폼씨오일,건성,GOOD
메도우폼씨오일,지성,GOOD
메도우폼씨오일,복합성,NORMAL
올레일 에르우크에이트,건성,GOOD
올레일 에르우크에이트,지성,NORMAL
올레일 에르우크에이트,복합성,NORMAL
폴리글리세릴-6 스테아레이트,건성,GOOD
폴리글리세릴-6 스테아레이트,지성,NORMAL
폴리글리세릴-6 스테아레이트,복합성,NORMAL
하이드록시아크에트오페닐온,건성,NORMAL
하이드록시아크에트오페닐온,지성,NORMAL
하이드록시아크에트오페닐온,복합성,NORMAL
트리스-바이페닐트리아진,건성,NORMAL
트리스-바이페닐트리아진,지성,NORMAL
트리스-바이페닐트리아진,복합성,NORMAL
다이카프릴릴 에터,건성,GOOD
다이카프릴릴 에터,지성,NORMAL
다이카프릴릴 에터,복합성,NORMAL
폴리글리세릴-6 베헤네이트,건성,GOOD
폴리글리세릴-6 베헤네이트,지성,NORMAL
폴리글리세릴-6 베헤네이트,복합성,NORMAL
하이드로제네이티드 폴리드에크엔,건성,GOOD
하이드로제네이티드 폴리드에크엔,지성,NORMAL
하이드로제네이티드 폴리드에크엔,복합성,NORMAL
하이드로제네이티드 크아스트오르 오일,건성,GOOD
하이드로제네이티드 크아스트오르 오일,지성,CAUTION
하이드로제네이티드 크아스트오르 오일,복합성,NORMAL
스테아에티-20,건성,GOOD
스테아에티-20,지성,CAUTION
스테아에티-20,복합성,NORMAL
메틸렌비스-벤조트리아졸릴테트라메틸부틸페놀,건성,NORMAL
메틸렌비스-벤조트리아졸릴테트라메틸부틸페놀,지성,NORMAL
메틸렌비스-벤조트리아졸릴테트라메틸부틸페놀,복합성,NORMAL
비스-에틸헥실옥시페놀메톡시페닐트리아진,건성,NORMAL
비스-에틸헥실옥시페놀메톡시페닐트리아진,지성,NORMAL
비스-에틸헥실옥시페놀메톡시페닐트리아진,복합성,NORMAL
코페르니시아세리페라왁스,건성,NORMAL
코페르니시아세리페라왁스,지성,CAUTION
코페르니시아세리페라왁스,복합성,NORMAL
HDI/트라이메틸올 헥실르아크트온 크로스폴리머,건성,NORMAL
HDI/트라이메틸올 헥실르아크트온 크로스폴리머,지성,NORMAL
HDI/트라이메틸올 헥실르아크트온 크로스폴리머,복합성,NORMAL
만니톨,건성,NORMAL
만니톨,지성,NORMAL
만니톨,복합성,NORMAL
글리세릴 베헤네이트,건성,GOOD
글리세릴 베헤네이트,지성,CAUTION
글리세릴 베헤네이트,복합성,NORMAL
글리세릴 다이베헤네이트,건성,GOOD
글리세릴 다이베헤네이트,지성,NORMAL
글리세릴 다이베헤네이트,복합성,NORMAL
소르비탄 스테아레이트,건성,GOOD
소르비탄 스테아레이트,지성,NORMAL
소르비탄 스테아레이트,복합성,NORMAL
징크스테아레이트,건성,NORMAL
징크스테아레이트,지성,NORMAL
징크스테아레이트,복합성,NORMAL
스올움 프우르르오느움,건성,NORMAL
스올움 프우르르오느움,지성,GOOD
스올움 프우르르오느움,복합성,NORMAL
프에아트,건성,CAUTION
프에아트,지성,NORMAL
프에아트,복합성,NORMAL
헥실데카느올,건성,NORMAL
헥실데카느올,지성,NORMAL
헥실데카느올,복합성,NORMAL
글리세릴 올리에이트,건성,GOOD
글리세릴 올리에이트,지성,NORMAL
글리세릴 올리에이트,복합성,NORMAL
크에느트아우르에아 크이아느우스 꽃 정제수,건성,GOOD
크에느트아우르에아 크이아느우스 꽃 정제수,지성,NORMAL
크에느트아우르에아 크이아느우스 꽃 정제수,복합성,GOOD
프르아느트아그오 르아느크에올아트아 잎추출물,건성,NORMAL
프르아느트아그오 르아느크에올아트아 잎추출물,지성,NORMAL
프르아느트아그오 르아느크에올아트아 잎추출물,복합성,NORMAL
벤조페논-4,건성,NORMAL
벤조페논-4,지성,NORMAL
벤조페논-4,복합성,NORMAL
다이프로필엔 글라이콜 다이벤즈오에이트,건성,GOOD
다이프로필엔 글라이콜 다이벤즈오에이트,지성,CAUTION
다이프로필엔 글라이콜 다이벤즈오에이트,복합성,NORMAL
폴리메틸 메타크릴레이트,건성,NORMAL
폴리메틸 메타크릴레이트,지성,NORMAL
폴리메틸 메타크릴레이트,복합성,NORMAL
PPG-15 스테아릴 에터 벤조에이트,건성,NORMAL
PPG-15 스테아릴 에터 벤조에이트,지성,GOOD
PPG-15 스테아릴 에터 벤조에이트,복합성,NORMAL
다이부틸 아디페이트,건성,NORMAL
다이부틸 아디페이트,지성,NORMAL
다이부틸 아디페이트,복합성,NORMAL
다이아이소프로필 세바케이트,건성,NORMAL
다이아이소프로필 세바케이트,지성,NORMAL
다이아이소프로필 세바케이트,복합성,NORMAL
페닐벤즈이미다졸설포닉애씨드,건성,NORMAL
페닐벤즈이미다졸설포닉애씨드,지성,GOOD
페닐벤즈이미다졸설포닉애씨드,복합성,NORMAL
에틸헥실트리아존,건성,CAUTION
에틸헥실트리아존,지성,CAUTION
에틸헥실트리아존,복합성,CAUTION
다이에틸아미노하이드록시벤조일헥실벤조에이트,건성,NORMAL
다이에틸아미노하이드록시벤조일헥실벤조에이트,지성,NORMAL
다이에틸아미노하이드록시벤조일헥실벤조에이트,복합성,NORMAL
라우릴 글루코사이드,건성,NORMAL
라우릴 글루코사이드,지성,NORMAL
라우릴 글루코사이드,복합성,NORMAL
하이드로제네이티드 코코-글리세라이드,건성,NORMAL
하이드로제네이티드 코코-글리세라이드,지성,NORMAL
하이드로제네이티드 코코-글리세라이드,복합성,NORMAL
세틸 PEG/PPG-10/1 다이메티콘,건성,NORMAL
세틸 PEG/PPG-10/1 다이메티콘,지성,NORMAL
세틸 PEG/PPG-10/1 다이메티콘,복합성,NORMAL
메틸 메타크릴레이트 크로스폴리머,건성,NORMAL
메틸 메타크릴레이트 크로스폴리머,지성,GOOD
메틸 메타크릴레이트 크로스폴리머,복합성,NORMAL
에틸헥실살리실레이트,건성,NORMAL
에틸헥실살리실레이트,지성,NORMAL
에틸헥실살리실레이트,복합성,NORMAL
트라이소듐이디티에이,건성,NORMAL
트라이소듐이디티에이,지성,NORMAL
트라이소듐이디티에이,복합성,NORMAL
크이아므오프스이스 테트라그오느올오브아 검,건성,NORMAL
크이아므오프스이스 테트라그오느올오브아 검,지성,NORMAL
크이아므오프스이스 테트라그오느올오브아 검,복합성,NORMAL
부틸메톡시디벤조일메탄,건성,CAUTION
부틸메톡시디벤조일메탄,지성,NORMAL
부틸메톡시디벤조일메탄,복합성,NORMAL
폴리글리세릴-2 스에스쿼익아프르일에이트,건성,NORMAL
폴리글리세릴-2 스에스쿼익아프르일에이트,지성,NORMAL
폴리글리세릴-2 스에스쿼익아프르일에이트,복합성,NORMAL
아이소스테아릴 네오펜타노에이트,건성,NORMAL
아이소스테아릴 네오펜타노에이트,지성,GOOD
아이소스테아릴 네오펜타노에이트,복합성,NORMAL
알프아-글루칸 올리고사카라이드,건성,GOOD
알프아-글루칸 올리고사카라이드,지성,NORMAL
알프아-글루칸 올리고사카라이드,복합성,NORMAL
폴리글리세릴-10 다이올레에이트,건성,NORMAL
폴리글리세릴-10 다이올레에이트,지성,NORMAL
폴리글리세릴-10 다이올레에이트,복합성,NORMAL
소듐 스테아로일 글루타메이트,건성,NORMAL
소듐 스테아로일 글루타메이트,지성,NORMAL
소듐 스테아로일 글루타메이트,복합성,NORMAL
이눌린,건성,GOOD
이눌린,지성,NORMAL
이눌린,복합성,NORMAL
오이씨오일,건성,GOOD
오이씨오일,지성,NORMAL
오이씨오일,복합성,NORMAL
벤조페논-3,건성,NORMAL
벤조페논-3,지성,NORMAL
벤조페논-3,복합성,NORMAL
카라기난,건성,NORMAL
카라기난,지성,NORMAL
카라기난,복합성,NORMAL
에틸 헥산다이올,건성,NORMAL
에틸 헥산다이올,지성,NORMAL
에틸 헥산다이올,복합성,NORMAL
소듐 라우로일 메틸 이세티오네이트,건성,NORMAL
소듐 라우로일 메틸 이세티오네이트,지성,NORMAL
소듐 라우로일 메틸 이세티오네이트,복합성,NORMAL
오렌지껍질오일,건성,CAUTION
오렌지껍질오일,지성,CAUTION
오렌지껍질오일,복합성,CAUTION
달팽이점액여과물,건성,GOOD
달팽이점액여과물,지성,GOOD
달팽이점액여과물,복합성,GOOD
베타인 살리실레이트,건성,GOOD
베타인 살리실레이트,지성,GOOD
베타인 살리실레이트,복합성,GOOD
탈크,건성,NORMAL
탈크,지성,NORMAL
탈크,복합성,NORMAL
소듐 코크오아므프오아크에트에이트,건성,NORMAL
소듐 코크오아므프오아크에트에이트,지성,NORMAL
소듐 코크오아므프오아크에트에이트,복합성,NORMAL
폴리글리세릴-6 폴리리시놀리에이트,건성,NORMAL
폴리글리세릴-6 폴리리시놀리에이트,지성,NORMAL
폴리글리세릴-6 폴리리시놀리에이트,복합성,NORMAL
트라이에틸헥사노인,건성,GOOD
트라이에틸헥사노인,지성,GOOD
트라이에틸헥사노인,복합성,GOOD
부틸오크트일 살리실레이트,건성,NORMAL
부틸오크트일 살리실레이트,지성,NORMAL
부틸오크트일 살리실레이트,복합성,NORMAL
스트이르엔/아크릴레이트 코폴리머,건성,NORMAL
스트이르엔/아크릴레이트 코폴리머,지성,NORMAL
스트이르엔/아크릴레이트 코폴리머,복합성,NORMAL
알루미나,건성,NORMAL
알루미나,지성,GOOD
알루미나,복합성,NORMAL
PEG-9 폴리다이메틸스이르오엑스이에틸 다이메티콘,건성,NORMAL
PEG-9 폴리다이메틸스이르오엑스이에틸 다이메티콘,지성,NORMAL
PEG-9 폴리다이메틸스이르오엑스이에틸 다이메티콘,복합성,NORMAL
위치하젤수,건성,CAUTION
위치하젤수,지성,GOOD
위치하젤수,복합성,GOOD
므에느티일 락테이트,건성,CAUTION
므에느티일 락테이트,지성,NORMAL
므에느티일 락테이트,복합성,CAUTION
트라이에티오엑스이카프릴일스이르안,건성,NORMAL
트라이에티오엑스이카프릴일스이르안,지성,NORMAL
트라이에티오엑스이카프릴일스이르안,복합성,NORMAL
아므이느오프로필 아스크오르브일 포스페이트,건성,NORMAL
아므이느오프로필 아스크오르브일 포스페이트,지성,NORMAL
아므이느오프로필 아스크오르브일 포스페이트,복합성,NORMAL
휴먼 섬유아세포 컨디셔닝 배지,건성,NORMAL
휴먼 섬유아세포 컨디셔닝 배지,지성,NORMAL
휴먼 섬유아세포 컨디셔닝 배지,복합성,GOOD
클로로필,건성,NORMAL
클로로필,지성,NORMAL
클로로필,복합성,NORMAL
카프릴릭/카프릭/미리스트익/스테아익 트라이글리세라이드,건성,NORMAL
카프릴릭/카프릭/미리스트익/스테아익 트라이글리세라이드,지성,CAUTION
카프릴릭/카프릭/미리스트익/스테아익 트라이글리세라이드,복합성,CAUTION
소이 아이소프르아브온스,건성,NORMAL
소이 아이소프르아브온스,지성,NORMAL
소이 아이소프르아브온스,복합성,NORMAL
테트라펩타이드-21,건성,GOOD
테트라펩타이드-21,지성,NORMAL
테트라펩타이드-21,복합성,NORMAL
스오르브에티-30 테트라올레에이트,건성,NORMAL
스오르브에티-30 테트라올레에이트,지성,NORMAL
스오르브에티-30 테트라올레에이트,복합성,NORMAL
SH-데카펩타이드-7,건성,NORMAL
SH-데카펩타이드-7,지성,NORMAL
SH-데카펩타이드-7,복합성,NORMAL
마그네슘설페이트,건성,NORMAL
마그네슘설페이트,지성,NORMAL
마그네슘설페이트,복합성,NORMAL
SH-옥타펩타이드-4,건성,NORMAL
SH-옥타펩타이드-4,지성,NORMAL
SH-옥타펩타이드-4,복합성,NORMAL
위치하젤잎수,건성,CAUTION
위치하젤잎수,지성,GOOD
위치하젤잎수,복합성,GOOD
쇠비름추출물,건성,NORMAL
쇠비름추출물,지성,NORMAL
쇠비름추출물,복합성,NORMAL
브이느일 다이메티콘/메티콘 실세스퀴옥세인 크로스폴리머,건성,NORMAL
브이느일 다이메티콘/메티콘 실세스퀴옥세인 크로스폴리머,지성,GOOD
브이느일 다이메티콘/메티콘 실세스퀴옥세인 크로스폴리머,복합성,NORMAL
위치하젤추출물,건성,CAUTION
위치하젤추출물,지성,GOOD
위치하젤추출물,복합성,GOOD
코카미도프로필 다이메틸아므인,건성,NORMAL
코카미도프로필 다이메틸아므인,지성,GOOD
코카미도프로필 다이메틸아므인,복합성,NORMAL
PEG/PPG/폴리부틸엔 글라이콜-8/5/3 글리세린,건성,GOOD
PEG/PPG/폴리부틸엔 글라이콜-8/5/3 글리세린,지성,GOOD
PEG/PPG/폴리부틸엔 글라이콜-8/5/3 글리세린,복합성,GOOD
VP/VA 코폴리머,건성,NORMAL
VP/VA 코폴리머,지성,NORMAL
VP/VA 코폴리머,복합성,NORMAL
아므오다이므에티익온,건성,NORMAL
아므오다이므에티익온,지성,NORMAL
아므오다이므에티익온,복합성,NORMAL
하이드록시프로필메틸셀룰로오스,건성,NORMAL
하이드록시프로필메틸셀룰로오스,지성,NORMAL
하이드록시프로필메틸셀룰로오스,복합성,NORMAL
흐아에므아트오코크크우스 프르우브이알이스 추출물,건성,NORMAL
흐아에므아트오코크크우스 프르우브이알이스 추출물,지성,NORMAL
흐아에므아트오코크크우스 프르우브이알이스 추출물,복합성,NORMAL
꿀,건성,GOOD
꿀,지성,NORMAL
꿀,복합성,GOOD
칸데릴라세라,건성,NORMAL
칸데릴라세라,지성,CAUTION
칸데릴라세라,복합성,NORMAL
오조케라이트,건성,NORMAL
오조케라이트,지성,CAUTION
오조케라이트,복합성,NORMAL
아다이프익 애씨드/느에오프에느트일 글라이콜 크로스폴리머,건성,NORMAL
아다이프익 애씨드/느에오프에느트일 글라이콜 크로스폴리머,지성,GOOD
아다이프익 애씨드/느에오프에느트일 글라이콜 크로스폴리머,복합성,NORMAL
에스디알코올40-비,건성,CAUTION
에스디알코올40-비,지성,NORMAL
에스디알코올40-비,복합성,CAUTION
트라이펩타이드-1,건성,NORMAL
트라이펩타이드-1,지성,GOOD
트라이펩타이드-1,복합성,NORMAL
옥토크릴렌,건성,NORMAL
옥토크릴렌,지성,NORMAL
옥토크릴렌,복합성,NORMAL
강황뿌리추출물,건성,NORMAL
강황뿌리추출물,지성,GOOD
강황뿌리추출물,복합성,NORMAL
스테아에티-21,건성,NORMAL
스테아에티-21,지성,CAUTION
스테아에티-21,복합성,NORMAL
아이소드에크일 살리실레이트,건성,GOOD
아이소드에크일 살리실레이트,지성,NORMAL
아이소드에크일 살리실레이트,복합성,NORMAL
다이글루크오스일 그알르익 애씨드,건성,NORMAL
다이글루크오스일 그알르익 애씨드,지성,NORMAL
다이글루크오스일 그알르익 애씨드,복합성,NORMAL
펜타에리스리틸 테트라에틸헥사노에이트,건성,NORMAL
펜타에리스리틸 테트라에틸헥사노에이트,지성,GOOD
펜타에리스리틸 테트라에틸헥사노에이트,복합성,NORMAL
에틸브이스이므이느오메틸그우아이아크올 므아느그안스에 클로라이드,건성,NORMAL
에틸브이스이므이느오메틸그우아이아크올 므아느그안스에 클로라이드,지성,NORMAL
에틸브이스이므이느오메틸그우아이아크올 므아느그안스에 클로라이드,복합성,NORMAL
티옥틱애씨드,건성,NORMAL
티옥틱애씨드,지성,NORMAL
티옥틱애씨드,복합성,NORMAL
소르비탄 라우레이트,건성,GOOD
소르비탄 라우레이트,지성,NORMAL
소르비탄 라우레이트,복합성,NORMAL
합성플루오르플로고파이트,건성,NORMAL
합성플루오르플로고파이트,지성,CAUTION
합성플루오르플로고파이트,복합성,NORMAL
프이트오스트에르일/오크트일드오드에크일 라우로일 글루타메이트,건성,GOOD
프이트오스트에르일/오크트일드오드에크일 라우로일 글루타메이트,지성,CAUTION
프이트오스트에르일/오크트일드오드에크일 라우로일 글루타메이트,복합성,GOOD
우느드에크일에느오일 페닐알라닌,건성,NORMAL
우느드에크일에느오일 페닐알라닌,지성,GOOD
우느드에크일에느오일 페닐알라닌,복합성,NORMAL
보론나이트라이드,건성,NORMAL
보론나이트라이드,지성,GOOD
보론나이트라이드,복합성,NORMAL
하이드록시팔미트오일 스프이느그아느인,건성,GOOD
하이드록시팔미트오일 스프이느그아느인,지성,NORMAL
하이드록시팔미트오일 스프이느그아느인,복합성,GOOD
그알아크트오므이크에스 발효물 여과물,건성,GOOD
그알아크트오므이크에스 발효물 여과물,지성,NORMAL
그알아크트오므이크에스 발효물 여과물,복합성,GOOD
메티콘,건성,NORMAL
메티콘,지성,NORMAL
메티콘,복합성,NORMAL
콜라겐 아미노 애씨드,건성,GOOD
콜라겐 아미노 애씨드,지성,NORMAL
콜라겐 아미노 애씨드,복합성,NORMAL
CI 45410,건성,NORMAL
CI 45410,지성,NORMAL
CI 45410,복합성,NORMAL
자몽껍질오일,건성,CAUTION
자몽껍질오일,지성,CAUTION
자몽껍질오일,복합성,CAUTION
비스-PEG/PPG-14/14 다이메티콘,건성,NORMAL
비스-PEG/PPG-14/14 다이메티콘,지성,NORMAL
비스-PEG/PPG-14/14 다이메티콘,복합성,NORMAL
프이느우스 프이느아스트에르 껍질추출물,건성,GOOD
프이느우스 프이느아스트에르 껍질추출물,지성,NORMAL
프이느우스 프이느아스트에르 껍질추출물,복합성,GOOD
트라이헵타느오이느,건성,GOOD
트라이헵타느오이느,지성,NORMAL
트라이헵타느오이느,복합성,NORMAL
페닐에틸 알코올,건성,CAUTION
페닐에틸 알코올,지성,CAUTION
페닐에틸 알코올,복합성,CAUTION
오르이즈아느올,건성,NORMAL
오르이즈아느올,지성,NORMAL
오르이즈아느올,복합성,NORMAL
다이스오다이움 라우르이므이느오다이프르오프이오느에이트 트오크오프에르일 포스페이트,건성,NORMAL
다이스오다이움 라우르이므이느오다이프르오프이오느에이트 트오크오프에르일 포스페이트,지성,NORMAL
다이스오다이움 라우르이므이느오다이프르오프이오느에이트 트오크오프에르일 포스페이트,복합성,NORMAL
라벤더 안구스티폴리아 꽃 정제수,건성,CAUTION
라벤더 안구스티폴리아 꽃 정제수,지성,GOOD
라벤더 안구스티폴리아 꽃 정제수,복합성,CAUTION
프브므/므아 데카다이엔 크로스폴리머,건성,NORMAL
프브므/므아 데카다이엔 크로스폴리머,지성,NORMAL
프브므/므아 데카다이엔 크로스폴리머,복합성,NORMAL
아크릴레이트 코폴리머,건성,NORMAL
아크릴레이트 코폴리머,지성,NORMAL
아크릴레이트 코폴리머,복합성,NORMAL
아이소스오르브이드에 다이카프릴레이트,건성,GOOD
아이소스오르브이드에 다이카프릴레이트,지성,NORMAL
아이소스오르브이드에 다이카프릴레이트,복합성,GOOD
퀘르세틴,건성,NORMAL
퀘르세틴,지성,NORMAL
퀘르세틴,복합성,NORMAL
소듐 라우로일 사코시네이트,건성,NORMAL
소듐 라우로일 사코시네이트,지성,NORMAL
소듐 라우로일 사코시네이트,복합성,NORMAL
레몬열매추출물,건성,CAUTION
레몬열매추출물,지성,GOOD
레몬열매추출물,복합성,CAUTION
다이에틸헥실 스이르이느그일이드엔므알오느에이트,건성,NORMAL
다이에틸헥실 스이르이느그일이드엔므알오느에이트,지성,NORMAL
다이에틸헥실 스이르이느그일이드엔므알오느에이트,복합성,NORMAL
아세틸 글리크일 브에트아-알라닌,건성,NORMAL
아세틸 글리크일 브에트아-알라닌,지성,NORMAL
아세틸 글리크일 브에트아-알라닌,복합성,NORMAL
PEG-60하이드로제네이티드캐스터오일,건성,CAUTION
PEG-60하이드로제네이티드캐스터오일,지성,CAUTION
PEG-60하이드로제네이티드캐스터오일,복합성,CAUTION
브에르아크르아이 르이그흐트 르에드,건성,NORMAL
브에르아크르아이 르이그흐트 르에드,지성,NORMAL
브에르아크르아이 르이그흐트 르에드,복합성,NORMAL
PEG-8 다이메티콘,건성,NORMAL
PEG-8 다이메티콘,지성,NORMAL
PEG-8 다이메티콘,복합성,NORMAL
하이드롤라이즈드하이알루론산,건성,GOOD
하이드롤라이즈드하이알루론산,지성,GOOD
하이드롤라이즈드하이알루론산,복합성,GOOD
사탕단풍추출물,건성,NORMAL
사탕단풍추출물,지성,NORMAL
사탕단풍추출물,복합성,NORMAL
PVP,건성,NORMAL
PVP,지성,NORMAL
PVP,복합성,NORMAL
사과열매세포배양물,건성,NORMAL
사과열매세포배양물,지성,NORMAL
사과열매세포배양물,복합성,NORMAL
하이드록시페닐일 프르오프아므이드오벤즈오익 애씨드,건성,NORMAL
하이드록시페닐일 프르오프아므이드오벤즈오익 애씨드,지성,NORMAL
하이드록시페닐일 프르오프아므이드오벤즈오익 애씨드,복합성,NORMAL
메도우스위트추출물,건성,CAUTION
메도우스위트추출물,지성,GOOD
메도우스위트추출물,복합성,NORMAL
코카미도프로필 하이드록시스우르트아인,건성,NORMAL
코카미도프로필 하이드록시스우르트아인,지성,CAUTION
코카미도프로필 하이드록시스우르트아인,복합성,NORMAL
코퍼글루코네이트,건성,NORMAL
코퍼글루코네이트,지성,NORMAL
코퍼글루코네이트,복합성,NORMAL
소듐 라우르오아므프오아크에트에이트,건성,NORMAL
소듐 라우르오아므프오아크에트에이트,지성,NORMAL
소듐 라우르오아므프오아크에트에이트,복합성,NORMAL
사카로미세스/동백 시넨시스 잎/크르아드오스이프오느 오크아므우르아느우스/르익에 발효물 여과물,건성,NORMAL
사카로미세스/동백 시넨시스 잎/크르아드오스이프오느 오크아므우르아느우스/르익에 발효물 여과물,지성,NORMAL
사카로미세스/동백 시넨시스 잎/크르아드오스이프오느 오크아므우르아느우스/르익에 발효물 여과물,복합성,NORMAL
어성초추출물,건성,GOOD
어성초추출물,지성,NORMAL
어성초추출물,복합성,NORMAL
타피오카전분,건성,NORMAL
타피오카전분,지성,NORMAL
타피오카전분,복합성,NORMAL
유칼립투스잎오일,건성,CAUTION
유칼립투스잎오일,지성,CAUTION
유칼립투스잎오일,복합성,CAUTION
CI 77742,건성,NORMAL
CI 77742,지성,NORMAL
CI 77742,복합성,NORMAL
테트라스오다이움 테트라크아르브오엑스이메틸 느아르이느그에느이느크알크온,건성,NORMAL
테트라스오다이움 테트라크아르브오엑스이메틸 느아르이느그에느이느크알크온,지성,NORMAL
테트라스오다이움 테트라크아르브오엑스이메틸 느아르이느그에느이느크알크온,복합성,NORMAL
폴리글리세릴-4 카프레이트,건성,CAUTION
폴리글리세릴-4 카프레이트,지성,CAUTION
폴리글리세릴-4 카프레이트,복합성,CAUTION
다이아즈올이다이느일 우레아,건성,GOOD
다이아즈올이다이느일 우레아,지성,NORMAL
다이아즈올이다이느일 우레아,복합성,NORMAL
비스-다이글리크에르일 폴리아크일아다이프에이트-2,건성,GOOD
비스-다이글리크에르일 폴리아크일아다이프에이트-2,지성,CAUTION
비스-다이글리크에르일 폴리아크일아다이프에이트-2,복합성,NORMAL
아이소스테아릴 아이소스테아레이트,건성,GOOD
아이소스테아릴 아이소스테아레이트,지성,NORMAL
아이소스테아릴 아이소스테아레이트,복합성,NORMAL
아크에트아므이드오에티오엑스이에티아느올,건성,CAUTION
아크에트아므이드오에티오엑스이에티아느올,지성,NORMAL
아크에트아므이드오에티오엑스이에티아느올,복합성,GOOD
폴리글리세릴-2 카프레이트,건성,NORMAL
폴리글리세릴-2 카프레이트,지성,NORMAL
폴리글리세릴-2 카프레이트,복합성,NORMAL
다이메틸므에티오엑스이 크르오므아느올,건성,NORMAL
다이메틸므에티오엑스이 크르오므아느올,지성,NORMAL
다이메틸므에티오엑스이 크르오므아느올,복합성,NORMAL
이디티에이,건성,NORMAL
이디티에이,지성,NORMAL
이디티에이,복합성,NORMAL
셀룰로오스,건성,NORMAL
셀룰로오스,지성,NORMAL
셀룰로오스,복합성,NORMAL
다이아이소프로필 아디페이트,건성,NORMAL
다이아이소프로필 아디페이트,지성,NORMAL
다이아이소프로필 아디페이트,복합성,NORMAL
사이클로테트라실록세인,건성,NORMAL
사이클로테트라실록세인,지성,NORMAL
사이클로테트라실록세인,복합성,NORMAL
스아프프르오우에르 오일/프알므 오일 아므이느오프르오프안다이올 에스터,건성,GOOD
스아프프르오우에르 오일/프알므 오일 아므이느오프르오프안다이올 에스터,지성,CAUTION
스아프프르오우에르 오일/프알므 오일 아므이느오프르오프안다이올 에스터,복합성,GOOD
CI 77007,건성,NORMAL
CI 77007,지성,NORMAL
CI 77007,복합성,NORMAL
레티날,건성,CAUTION
레티날,지성,GOOD
레티날,복합성,CAUTION
크이프르이프에다이움 프우브에스크에느스 추출물,건성,NORMAL
크이프르이프에다이움 프우브에스크에느스 추출물,지성,NORMAL
크이프르이프에다이움 프우브에스크에느스 추출물,복합성,NORMAL
보검선인장줄기추출물,건성,GOOD
보검선인장줄기추출물,지성,NORMAL
보검선인장줄기추출물,복합성,GOOD
카프릴릴 카프릴레이트/카프레이트,건성,GOOD
카프릴릴 카프릴레이트/카프레이트,지성,NORMAL
카프릴릴 카프릴레이트/카프레이트,복합성,NORMAL
마데카소사이드,건성,GOOD
마데카소사이드,지성,NORMAL
마데카소사이드,복합성,GOOD
프로필흐에프트일 카프릴레이트,건성,NORMAL
프로필흐에프트일 카프릴레이트,지성,NORMAL
프로필흐에프트일 카프릴레이트,복합성,NORMAL
다이스오다이움 세테아릴 설포석시네이트,건성,NORMAL
다이스오다이움 세테아릴 설포석시네이트,지성,NORMAL
다이스오다이움 세테아릴 설포석시네이트,복합성,NORMAL
아세틸 옥타펩타이드-3,건성,NORMAL
아세틸 옥타펩타이드-3,지성,NORMAL
아세틸 옥타펩타이드-3,복합성,NORMAL
마카다미아씨오일,건성,GOOD
마카다미아씨오일,지성,NORMAL
마카다미아씨오일,복합성,NORMAL
프스에우드오즈이므아 에프익올아/동백 시넨시스 씨오일/글루코오스/글라이신 스오지아 므에알/므알트 추출물/효모 추출물 발효물 여과물,건성,GOOD
프스에우드오즈이므아 에프익올아/동백 시넨시스 씨오일/글루코오스/글라이신 스오지아 므에알/므알트 추출물/효모 추출물 발효물 여과물,지성,GOOD
프스에우드오즈이므아 에프익올아/동백 시넨시스 씨오일/글루코오스/글라이신 스오지아 므에알/므알트 추출물/효모 추출물 발효물 여과물,복합성,NORMAL
메틸흐에프트일 라우레이트,건성,NORMAL
메틸흐에프트일 라우레이트,지성,NORMAL
메틸흐에프트일 라우레이트,복합성,NORMAL
하이드로제네이티드 브에그에트아브르에 글리세라이드,건성,GOOD
하이드로제네이티드 브에그에트아브르에 글리세라이드,지성,CAUTION
하이드로제네이티드 브에그에트아브르에 글리세라이드,복합성,NORMAL
므에느티온 글리세린 아크에트알,건성,GOOD
므에느티온 글리세린 아크에트알,지성,NORMAL
므에느티온 글리세린 아크에트알,복합성,NORMAL
소듐 코코일 사코시네이트,건성,NORMAL
소듐 코코일 사코시네이트,지성,NORMAL
소듐 코코일 사코시네이트,복합성,NORMAL
폴리글리세릴-10 스테아레이트,건성,GOOD
폴리글리세릴-10 스테아레이트,지성,NORMAL
폴리글리세릴-10 스테아레이트,복합성,NORMAL
소듐 C14-16 올레프이느 설포네이트,건성,CAUTION
소듐 C14-16 올레프이느 설포네이트,지성,NORMAL
소듐 C14-16 올레프이느 설포네이트,복합성,NORMAL
세틸 포스페이트,건성,NORMAL
세틸 포스페이트,지성,NORMAL
세틸 포스페이트,복합성,NORMAL
소듐 드에하이드로아크에트에이트,건성,NORMAL
소듐 드에하이드로아크에트에이트,지성,NORMAL
소듐 드에하이드로아크에트에이트,복합성,NORMAL
알루미늄 하이드록사이드,건성,NORMAL
알루미늄 하이드록사이드,지성,NORMAL
알루미늄 하이드록사이드,복합성,NORMAL
생강뿌리추출물,건성,CAUTION
생강뿌리추출물,지성,CAUTION
생강뿌리추출물,복합성,CAUTION
다이소듐이디티에이,건성,NORMAL
다이소듐이디티에이,지성,NORMAL
다이소듐이디티에이,복합성,NORMAL
메틸 트라이메티콘,건성,NORMAL
메틸 트라이메티콘,지성,NORMAL
메틸 트라이메티콘,복합성,NORMAL
다이부틸 에틸헥사느오일 그르우트아므이드에,건성,NORMAL
다이부틸 에틸헥사느오일 그르우트아므이드에,지성,NORMAL
다이부틸 에틸헥사느오일 그르우트아므이드에,복합성,NORMAL
소듐 크오느드르오이트이느 설페이트,건성,GOOD
소듐 크오느드르오이트이느 설페이트,지성,NORMAL
소듐 크오느드르오이트이느 설페이트,복합성,NORMAL
하이드롤라이즈드 우흐에아트 단백질/PVP 크로스폴리머,건성,NORMAL
하이드롤라이즈드 우흐에아트 단백질/PVP 크로스폴리머,지성,NORMAL
하이드롤라이즈드 우흐에아트 단백질/PVP 크로스폴리머,복합성,NORMAL
글라이콜 다이스테아에이트,건성,NORMAL
글라이콜 다이스테아에이트,지성,NORMAL
글라이콜 다이스테아에이트,복합성,NORMAL
다이부틸 라우로일 그르우트아므이드에,건성,NORMAL
다이부틸 라우로일 그르우트아므이드에,지성,NORMAL
다이부틸 라우로일 그르우트아므이드에,복합성,NORMAL
호모살레이트,건성,NORMAL
호모살레이트,지성,NORMAL
호모살레이트,복합성,NORMAL
PEG-30 다이폴리하이드록시스테아에이트,건성,NORMAL
PEG-30 다이폴리하이드록시스테아에이트,지성,NORMAL
PEG-30 다이폴리하이드록시스테아에이트,복합성,NORMAL
다이에틸헥실 카보네이트,건성,NORMAL
다이에틸헥실 카보네이트,지성,NORMAL
다이에틸헥실 카보네이트,복합성,NORMAL
다이스오다이움 코크오아므프오다이아크에트에이트,건성,CAUTION
다이스오다이움 코크오아므프오다이아크에트에이트,지성,NORMAL
다이스오다이움 코크오아므프오다이아크에트에이트,복합성,NORMAL
비스-에틸헥실 하이드록시다이므에티오엑스이 벤즈일므알오느에이트,건성,NORMAL
비스-에틸헥실 하이드록시다이므에티오엑스이 벤즈일므알오느에이트,지성,NORMAL
비스-에틸헥실 하이드록시다이므에티오엑스이 벤즈일므알오느에이트,복합성,NORMAL
CI 75120,건성,NORMAL
CI 75120,지성,NORMAL
CI 75120,복합성,NORMAL
글리세릴 아크릴레이트/아크릴릭 애씨드 코폴리머,건성,GOOD
글리세릴 아크릴레이트/아크릴릭 애씨드 코폴리머,지성,NORMAL
글리세릴 아크릴레이트/아크릴릭 애씨드 코폴리머,복합성,GOOD
아르니카추출물,건성,NORMAL
아르니카추출물,지성,NORMAL
아르니카추출물,복합성,NORMAL
폴리글리세릴-10 라우레이트,건성,GOOD
폴리글리세릴-10 라우레이트,지성,NORMAL
폴리글리세릴-10 라우레이트,복합성,NORMAL
만다린오일,건성,CAUTION
만다린오일,지성,CAUTION
만다린오일,복합성,CAUTION
므에티오엑스이크이느느아므이드오프로필 하이드록시스우르트아인,건성,NORMAL
므에티오엑스이크이느느아므이드오프로필 하이드록시스우르트아인,지성,GOOD
므에티오엑스이크이느느아므이드오프로필 하이드록시스우르트아인,복합성,NORMAL
자몽껍질오일,건성,CAUTION
자몽껍질오일,지성,CAUTION
자몽껍질오일,복합성,CAUTION
오미자열매추출물,건성,NORMAL
오미자열매추출물,지성,NORMAL
오미자열매추출물,복합성,NORMAL
라벤더 안구스티폴리아 꽃/잎/줄기 오일,건성,CAUTION
라벤더 안구스티폴리아 꽃/잎/줄기 오일,지성,CAUTION
라벤더 안구스티폴리아 꽃/잎/줄기 오일,복합성,CAUTION
카라멜,건성,NORMAL
카라멜,지성,NORMAL
카라멜,복합성,NORMAL
다이흐에프트일 석시네이트,건성,GOOD
다이흐에프트일 석시네이트,지성,NORMAL
다이흐에프트일 석시네이트,복합성,NORMAL
카프릴오일 글리세린/스에브아크익 애씨드 코폴리머,건성,GOOD
카프릴오일 글리세린/스에브아크익 애씨드 코폴리머,지성,NORMAL
카프릴오일 글리세린/스에브아크익 애씨드 코폴리머,복합성,NORMAL
엑토인,건성,GOOD
엑토인,지성,GOOD
엑토인,복합성,GOOD
드로메트리졸트라이실록세인,건성,NORMAL
드로메트리졸트라이실록세인,지성,NORMAL
드로메트리졸트라이실록세인,복합성,NORMAL
부탄,건성,NORMAL
부탄,지성,NORMAL
부탄,복합성,NORMAL
칸데릴라/호호바/쌀겨폴리글리세릴-3에스터,건성,GOOD
칸데릴라/호호바/쌀겨폴리글리세릴-3에스터,지성,CAUTION
칸데릴라/호호바/쌀겨폴리글리세릴-3에스터,복합성,NORMAL
르아스프브에르르이 씨오일/트오크오프에르일 석시네이트 아므이느오프르오프안다이올 에스터,건성,GOOD
르아스프브에르르이 씨오일/트오크오프에르일 석시네이트 아므이느오프르오프안다이올 에스터,지성,NORMAL
르아스프브에르르이 씨오일/트오크오프에르일 석시네이트 아므이느오프르오프안다이올 에스터,복합성,NORMAL
스테아에티-2,건성,GOOD
스테아에티-2,지성,CAUTION
스테아에티-2,복합성,NORMAL
수용성콜라겐,건성,GOOD
수용성콜라겐,지성,NORMAL
수용성콜라겐,복합성,CAUTION
C10-30 콜레스테롤/르아느오스트에르올 에스터,건성,GOOD
C10-30 콜레스테롤/르아느오스트에르올 에스터,지성,NORMAL
C10-30 콜레스테롤/르아느오스트에르올 에스터,복합성,GOOD
헥실르에스오르크이느올,건성,NORMAL
헥실르에스오르크이느올,지성,NORMAL
헥실르에스오르크이느올,복합성,NORMAL
글리세릴 라우레이트,건성,GOOD
글리세릴 라우레이트,지성,NORMAL
글리세릴 라우레이트,복합성,NORMAL
테트라펩타이드-17,건성,NORMAL
테트라펩타이드-17,지성,NORMAL
테트라펩타이드-17,복합성,NORMAL
올리고펩타이드-68,건성,NORMAL
올리고펩타이드-68,지성,NORMAL
올리고펩타이드-68,복합성,NORMAL
알진,건성,NORMAL
알진,지성,NORMAL
알진,복합성,NORMAL
크아프르오오일 테트라펩타이드-3,건성,NORMAL
크아프르오오일 테트라펩타이드-3,지성,NORMAL
크아프르오오일 테트라펩타이드-3,복합성,NORMAL
징크글루코네이트,건성,NORMAL
징크글루코네이트,지성,GOOD
징크글루코네이트,복합성,NORMAL
다이메틸아크르일아므이드에/아크릴릭 애씨드/폴리스트이르엔 에틸 메타크릴레이트 코폴리머,건성,NORMAL
다이메틸아크르일아므이드에/아크릴릭 애씨드/폴리스트이르엔 에틸 메타크릴레이트 코폴리머,지성,NORMAL
다이메틸아크르일아므이드에/아크릴릭 애씨드/폴리스트이르엔 에틸 메타크릴레이트 코폴리머,복합성,NORMAL
멜라루카 르에우크아드에느드르오느 크아지우프우트이 잎오일,건성,CAUTION
멜라루카 르에우크아드에느드르오느 크아지우프우트이 잎오일,지성,GOOD
멜라루카 르에우크아드에느드르오느 크아지우프우트이 잎오일,복합성,CAUTION
르에프트오스프에르므움 스크오프아르이움 가지/잎오일,건성,CAUTION
르에프트오스프에르므움 스크오프아르이움 가지/잎오일,지성,GOOD
르에프트오스프에르므움 스크오프아르이움 가지/잎오일,복합성,CAUTION
소르비탄 카프릴레이트,건성,NORMAL
소르비탄 카프릴레이트,지성,NORMAL
소르비탄 카프릴레이트,복합성,NORMAL
흐에스프에르이다이느,건성,GOOD
흐에스프에르이다이느,지성,NORMAL
흐에스프에르이다이느,복합성,GOOD
메틸 글루코오스 세스퀴스테아레이트,건성,GOOD
메틸 글루코오스 세스퀴스테아레이트,지성,NORMAL
메틸 글루코오스 세스퀴스테아레이트,복합성,NORMAL
헥실 라우레이트,건성,NORMAL
헥실 라우레이트,지성,NORMAL
헥실 라우레이트,복합성,NORMAL
달팽이알추출물,건성,NORMAL
달팽이알추출물,지성,NORMAL
달팽이알추출물,복합성,NORMAL
마디풀추출물,건성,NORMAL
마디풀추출물,지성,NORMAL
마디풀추출물,복합성,NORMAL
코카마이드 MEA,건성,CAUTION
코카마이드 MEA,지성,NORMAL
코카마이드 MEA,복합성,NORMAL
세테아릴 노나노에이트,건성,GOOD
세테아릴 노나노에이트,지성,CAUTION
세테아릴 노나노에이트,복합성,NORMAL
잔토필,건성,NORMAL
잔토필,지성,NORMAL
잔토필,복합성,NORMAL
트라이프르우오르오아크에트일 트라이펩타이드-2,건성,NORMAL
트라이프르우오르오아크에트일 트라이펩타이드-2,지성,NORMAL
트라이프르우오르오아크에트일 트라이펩타이드-2,복합성,NORMAL
CI 75470,건성,NORMAL
CI 75470,지성,NORMAL
CI 75470,복합성,NORMAL
아크릴레이트/C12-22 알킬 메타크릴레이트 코폴리머,건성,NORMAL
아크릴레이트/C12-22 알킬 메타크릴레이트 코폴리머,지성,NORMAL
아크릴레이트/C12-22 알킬 메타크릴레이트 코폴리머,복합성,NORMAL
콜라겐,건성,NORMAL
콜라겐,지성,NORMAL
콜라겐,복합성,NORMAL
온천수,건성,NORMAL
온천수,지성,NORMAL
온천수,복합성,NORMAL
메틸 글루세스-10,건성,NORMAL
메틸 글루세스-10,지성,NORMAL
메틸 글루세스-10,복합성,NORMAL
스테아릴 헵타느오에이트,건성,NORMAL
스테아릴 헵타느오에이트,지성,GOOD
스테아릴 헵타느오에이트,복합성,NORMAL
페닐오엑스이에틸 카프릴레이트,건성,NORMAL
페닐오엑스이에틸 카프릴레이트,지성,GOOD
페닐오엑스이에틸 카프릴레이트,복합성,NORMAL
락토바실러스 발효물 용해물 여과물,건성,NORMAL
락토바실러스 발효물 용해물 여과물,지성,NORMAL
락토바실러스 발효물 용해물 여과물,복합성,NORMAL
올레티-3 포스페이트,건성,NORMAL
올레티-3 포스페이트,지성,NORMAL
올레티-3 포스페이트,복합성,NORMAL
프올오엑스아므에르 407,건성,CAUTION
프올오엑스아므에르 407,지성,CAUTION
프올오엑스아므에르 407,복합성,CAUTION
실리카 실릴레이트,건성,NORMAL
실리카 실릴레이트,지성,GOOD
실리카 실릴레이트,복합성,NORMAL
CI 77163,건성,NORMAL
CI 77163,지성,NORMAL
CI 77163,복합성,NORMAL
아세틸 테트라펩타이드-2,건성,NORMAL
아세틸 테트라펩타이드-2,지성,NORMAL
아세틸 테트라펩타이드-2,복합성,NORMAL
폴리글루타믹애씨드,건성,GOOD
폴리글루타믹애씨드,지성,NORMAL
폴리글루타믹애씨드,복합성,GOOD
코카마이드 DEA,건성,CAUTION
코카마이드 DEA,지성,NORMAL
코카마이드 DEA,복합성,NORMAL
벤조일퍼옥사이드,건성,CAUTION
벤조일퍼옥사이드,지성,GOOD
벤조일퍼옥사이드,복합성,CAUTION
아이소크에트일 스테아레이트,건성,NORMAL
아이소크에트일 스테아레이트,지성,GOOD
아이소크에트일 스테아레이트,복합성,NORMAL
PEG/PPG-17/6 코폴리머,건성,GOOD
PEG/PPG-17/6 코폴리머,지성,NORMAL
PEG/PPG-17/6 코폴리머,복합성,NORMAL
다이스오다이움 우르이다이느에 포스페이트,건성,NORMAL
다이스오다이움 우르이다이느에 포스페이트,지성,NORMAL
다이스오다이움 우르이다이느에 포스페이트,복합성,NORMAL
티트리잎추출물,건성,CAUTION
티트리잎추출물,지성,GOOD
티트리잎추출물,복합성,GOOD
아세틸 다이펩타이드-1 세틸 에스터,건성,CAUTION
아세틸 다이펩타이드-1 세틸 에스터,지성,NORMAL
아세틸 다이펩타이드-1 세틸 에스터,복합성,NORMAL
아이소프로필 라우로일 사코시네이트,건성,NORMAL
아이소프로필 라우로일 사코시네이트,지성,NORMAL
아이소프로필 라우로일 사코시네이트,복합성,NORMAL
아로니아열매추출물,건성,CAUTION
아로니아열매추출물,지성,NORMAL
아로니아열매추출물,복합성,NORMAL
귀리가루,건성,GOOD
귀리가루,지성,NORMAL
귀리가루,복합성,GOOD
포타슘 코코일 글리시네이트,건성,CAUTION
포타슘 코코일 글리시네이트,지성,NORMAL
포타슘 코코일 글리시네이트,복합성,NORMAL
소듐 아크릴레이트 크로스폴리머-2,건성,NORMAL
소듐 아크릴레이트 크로스폴리머-2,지성,NORMAL
소듐 아크릴레이트 크로스폴리머-2,복합성,NORMAL
테트라펩타이드-30,건성,NORMAL
테트라펩타이드-30,지성,NORMAL
테트라펩타이드-30,복합성,NORMAL
다이에틸헥실 브우트아므이드오 트라이아즈온,건성,NORMAL
다이에틸헥실 브우트아므이드오 트라이아즈온,지성,NORMAL
다이에틸헥실 브우트아므이드오 트라이아즈온,복합성,NORMAL
아크아크이아 드에크우르르에느스 꽃 왁스,건성,GOOD
아크아크이아 드에크우르르에느스 꽃 왁스,지성,CAUTION
아크아크이아 드에크우르르에느스 꽃 왁스,복합성,NORMAL
폴리글리크에르이느-3,건성,GOOD
폴리글리크에르이느-3,지성,NORMAL
폴리글리크에르이느-3,복합성,GOOD
르아스프브에르르이 크에트온,건성,NORMAL
르아스프브에르르이 크에트온,지성,NORMAL
르아스프브에르르이 크에트온,복합성,NORMAL
올이브에 오일 글리크에르에티-8 에스터,건성,GOOD
올이브에 오일 글리크에르에티-8 에스터,지성,CAUTION
올이브에 오일 글리크에르에티-8 에스터,복합성,NORMAL
해바라기씨왁스,건성,NORMAL
해바라기씨왁스,지성,CAUTION
해바라기씨왁스,복합성,NORMAL
SH-폴리펩타이드-1,건성,NORMAL
SH-폴리펩타이드-1,지성,NORMAL
SH-폴리펩타이드-1,복합성,NORMAL
CI 77288,건성,NORMAL
CI 77288,지성,NORMAL
CI 77288,복합성,NORMAL
트라이에티오엑스이스이르일에틸 폴리다이메틸스이르오엑스이에틸 헥실 다이메티콘,건성,NORMAL
트라이에티오엑스이스이르일에틸 폴리다이메틸스이르오엑스이에틸 헥실 다이메티콘,지성,NORMAL
트라이에티오엑스이스이르일에틸 폴리다이메틸스이르오엑스이에틸 헥실 다이메티콘,복합성,NORMAL
SH-폴리펩타이드-9,건성,NORMAL
SH-폴리펩타이드-9,지성,NORMAL
SH-폴리펩타이드-9,복합성,NORMAL
브아르오스므아 브에트우르이느아 잎추출물,건성,NORMAL
브아르오스므아 브에트우르이느아 잎추출물,지성,GOOD
브아르오스므아 브에트우르이느아 잎추출물,복합성,NORMAL
아이소아므일 프-메톡시신나메이트,건성,NORMAL
아이소아므일 프-메톡시신나메이트,지성,NORMAL
아이소아므일 프-메톡시신나메이트,복합성,NORMAL
다이펜타에르이티르이트일 헥사카프릴에이트/헥사크아프르에이트,건성,GOOD
다이펜타에르이티르이트일 헥사카프릴에이트/헥사크아프르에이트,지성,CAUTION
다이펜타에르이티르이트일 헥사카프릴에이트/헥사크아프르에이트,복합성,NORMAL
표고버섯균사체추출물,건성,NORMAL
표고버섯균사체추출물,지성,NORMAL
표고버섯균사체추출물,복합성,NORMAL
유청단백질,건성,GOOD
유청단백질,지성,NORMAL
유청단백질,복합성,NORMAL
SH-올리고펩타이드-2,건성,NORMAL
SH-올리고펩타이드-2,지성,NORMAL
SH-올리고펩타이드-2,복합성,NORMAL
4-메틸벤즈일이드엔 크아므프오르,건성,NORMAL
4-메틸벤즈일이드엔 크아므프오르,지성,NORMAL
4-메틸벤즈일이드엔 크아므프오르,복합성,NORMAL
트라이펩타이드-29,건성,NORMAL
트라이펩타이드-29,지성,NORMAL
트라이펩타이드-29,복합성,NORMAL
폴리글리세릴-10 베헤네이트/에이코사디오에이트,건성,GOOD
폴리글리세릴-10 베헤네이트/에이코사디오에이트,지성,CAUTION
폴리글리세릴-10 베헤네이트/에이코사디오에이트,복합성,NORMAL
PEG-12 글리세릴 다이미리스트에이트,건성,NORMAL
PEG-12 글리세릴 다이미리스트에이트,지성,NORMAL
PEG-12 글리세릴 다이미리스트에이트,복합성,NORMAL
에틸헥실 벤조에이트,건성,GOOD
에틸헥실 벤조에이트,지성,NORMAL
에틸헥실 벤조에이트,복합성,NORMAL
코퍼클로로필,건성,NORMAL
코퍼클로로필,지성,NORMAL
코퍼클로로필,복합성,NORMAL
코코넛껍질가루,건성,NORMAL
코코넛껍질가루,지성,NORMAL
코코넛껍질가루,복합성,NORMAL
오르느이티인,건성,NORMAL
오르느이티인,지성,NORMAL
오르느이티인,복합성,NORMAL
아이소프에느트일다이올,건성,GOOD
아이소프에느트일다이올,지성,NORMAL
아이소프에느트일다이올,복합성,NORMAL
소듐 메틸 올레오일 타우레이트,건성,NORMAL
소듐 메틸 올레오일 타우레이트,지성,NORMAL
소듐 메틸 올레오일 타우레이트,복합성,NORMAL
하이드록시프로필 브이스팔미트아므이드에 MEA,건성,GOOD
하이드록시프로필 브이스팔미트아므이드에 MEA,지성,NORMAL
하이드록시프로필 브이스팔미트아므이드에 MEA,복합성,GOOD
위치하젤껍질/잎/잔가지추출물,건성,CAUTION
위치하젤껍질/잎/잔가지추출물,지성,GOOD
위치하젤껍질/잎/잔가지추출물,복합성,NORMAL
귤껍질추출물,건성,CAUTION
귤껍질추출물,지성,CAUTION
귤껍질추출물,복합성,CAUTION
세레신,건성,NORMAL
세레신,지성,CAUTION
세레신,복합성,NORMAL
티트리잎수,건성,CAUTION
티트리잎수,지성,GOOD
티트리잎수,복합성,GOOD
세틸 락테이트,건성,NORMAL
세틸 락테이트,지성,NORMAL
세틸 락테이트,복합성,NORMAL
라우릴 메타크릴레이트/소듐 메타크릴레이트 크로스폴리머,건성,NORMAL
라우릴 메타크릴레이트/소듐 메타크릴레이트 크로스폴리머,지성,GOOD
라우릴 메타크릴레이트/소듐 메타크릴레이트 크로스폴리머,복합성,GOOD
아크아크이아 드에크우르르에느스/호호바/스우느프르오우에르 씨 왁스 폴리글리세릴-3 에스터,건성,GOOD
아크아크이아 드에크우르르에느스/호호바/스우느프르오우에르 씨 왁스 폴리글리세릴-3 에스터,지성,CAUTION
아크아크이아 드에크우르르에느스/호호바/스우느프르오우에르 씨 왁스 폴리글리세릴-3 에스터,복합성,NORMAL
폴리아므이드에-8,건성,NORMAL
폴리아므이드에-8,지성,NORMAL
폴리아므이드에-8,복합성,NORMAL
테레프탈릴리덴디캠퍼설포닉애씨드,건성,NORMAL
테레프탈릴리덴디캠퍼설포닉애씨드,지성,NORMAL
테레프탈릴리덴디캠퍼설포닉애씨드,복합성,NORMAL
레티닐레티노에이트,건성,CAUTION
레티닐레티노에이트,지성,GOOD
레티닐레티노에이트,복합성,GOOD
아르이스트오트에르이아 크이르에느스이스 오일,건성,GOOD
아르이스트오트에르이아 크이르에느스이스 오일,지성,NORMAL
아르이스트오트에르이아 크이르에느스이스 오일,복합성,NORMAL
소듐아세틸레이티드하이알루로네이트,건성,GOOD
소듐아세틸레이티드하이알루로네이트,지성,NORMAL
소듐아세틸레이티드하이알루로네이트,복합성,GOOD
폴리글리세릴-10 에익오스안다이오에이트/테트라데카느에다이오에이트,건성,GOOD
폴리글리세릴-10 에익오스안다이오에이트/테트라데카느에다이오에이트,지성,NORMAL
폴리글리세릴-10 에익오스안다이오에이트/테트라데카느에다이오에이트,복합성,NORMAL
폴리프로필스이르스에스쿼이오엑스안,건성,NORMAL
폴리프로필스이르스에스쿼이오엑스안,지성,NORMAL
폴리프로필스이르스에스쿼이오엑스안,복합성,NORMAL
하이드록시므에티오엑스이페닐일 데카느온,건성,GOOD
하이드록시므에티오엑스이페닐일 데카느온,지성,NORMAL
하이드록시므에티오엑스이페닐일 데카느온,복합성,NORMAL
하이드로그에느 다이메티콘,건성,NORMAL
하이드로그에느 다이메티콘,지성,NORMAL
하이드로그에느 다이메티콘,복합성,NORMAL
아이소크에트일 스테아로일 스테아레이트,건성,NORMAL
아이소크에트일 스테아로일 스테아레이트,지성,NORMAL
아이소크에트일 스테아로일 스테아레이트,복합성,NORMAL
아세틸 테트라펩타이드-3,건성,NORMAL
아세틸 테트라펩타이드-3,지성,NORMAL
아세틸 테트라펩타이드-3,복합성,NORMAL
아크릴레이트/다이메티콘 코폴리머,건성,NORMAL
아크릴레이트/다이메티콘 코폴리머,지성,NORMAL
아크릴레이트/다이메티콘 코폴리머,복합성,NORMAL
만노오스,건성,GOOD
만노오스,지성,NORMAL
만노오스,복합성,NORMAL
소듐 라우릴 설페이트,건성,CAUTION
소듐 라우릴 설페이트,지성,NORMAL
소듐 라우릴 설페이트,복합성,NORMAL
C30-45 알킬 다이메티콘,건성,NORMAL
C30-45 알킬 다이메티콘,지성,CAUTION
C30-45 알킬 다이메티콘,복합성,NORMAL
레티닐프로피오네이트,건성,CAUTION
레티닐프로피오네이트,지성,GOOD
레티닐프로피오네이트,복합성,NORMAL
벤조페논-5,건성,NORMAL
벤조페논-5,지성,NORMAL
벤조페논-5,복합성,NORMAL
소듐페닐벤즈이미다졸설포네이트,건성,NORMAL
소듐페닐벤즈이미다졸설포네이트,지성,NORMAL
소듐페닐벤즈이미다졸설포네이트,복합성,NORMAL
황련뿌리추출물,건성,NORMAL
황련뿌리추출물,지성,NORMAL
황련뿌리추출물,복합성,NORMAL
크아프프에일 글루코사이드,건성,GOOD
크아프프에일 글루코사이드,지성,NORMAL
크아프프에일 글루코사이드,복합성,NORMAL
코퍼 팔미토일 헵타펩타이드-14,건성,NORMAL
코퍼 팔미토일 헵타펩타이드-14,지성,NORMAL
코퍼 팔미토일 헵타펩타이드-14,복합성,NORMAL
르오스므아르이느일 글루코사이드,건성,GOOD
르오스므아르이느일 글루코사이드,지성,NORMAL
르오스므아르이느일 글루코사이드,복합성,NORMAL
폴리스이르익온-15,건성,NORMAL
폴리스이르익온-15,지성,NORMAL
폴리스이르익온-15,복합성,NORMAL
흰목이버섯다당체,건성,GOOD
흰목이버섯다당체,지성,NORMAL
흰목이버섯다당체,복합성,NORMAL
아시아틱애씨드,건성,NORMAL
아시아틱애씨드,지성,NORMAL
아시아틱애씨드,복합성,NORMAL
글리크에르에티-7 트라이메틸 에터,건성,NORMAL
글리크에르에티-7 트라이메틸 에터,지성,GOOD
글리크에르에티-7 트라이메틸 에터,복합성,NORMAL
소듐 메틸 스테아로일 타우레이트,건성,NORMAL
소듐 메틸 스테아로일 타우레이트,지성,NORMAL
소듐 메틸 스테아로일 타우레이트,복합성,NORMAL
프올오엑스아므에르 188,건성,NORMAL
프올오엑스아므에르 188,지성,NORMAL
프올오엑스아므에르 188,복합성,NORMAL
호밀씨추출물,건성,NORMAL
호밀씨추출물,지성,NORMAL
호밀씨추출물,복합성,NORMAL
바쿠치올,건성,GOOD
바쿠치올,지성,GOOD
바쿠치올,복합성,GOOD
폴리쿼터늄-37,건성,NORMAL
폴리쿼터늄-37,지성,NORMAL
폴리쿼터늄-37,복합성,NORMAL
미리스틸 니코티네이트,건성,GOOD
미리스틸 니코티네이트,지성,GOOD
미리스틸 니코티네이트,복합성,GOOD
다이에틸헥실 26-느아프티알에이트,건성,NORMAL
다이에틸헥실 26-느아프티알에이트,지성,NORMAL
다이에틸헥실 26-느아프티알에이트,복합성,NORMAL
메틸 다이아이소프로필 프르오프이오느아므이드에,건성,NORMAL
메틸 다이아이소프로필 프르오프이오느아므이드에,지성,NORMAL
메틸 다이아이소프로필 프르오프이오느아므이드에,복합성,NORMAL
젤라틴,건성,NORMAL
젤라틴,지성,NORMAL
젤라틴,복합성,NORMAL
미리스틸 므알에이트 프오스프오느익 애씨드,건성,GOOD
미리스틸 므알에이트 프오스프오느익 애씨드,지성,NORMAL
미리스틸 므알에이트 프오스프오느익 애씨드,복합성,NORMAL
벤조트리아졸릴 드오드에크일 프-크르에스올,건성,CAUTION
벤조트리아졸릴 드오드에크일 프-크르에스올,지성,CAUTION
벤조트리아졸릴 드오드에크일 프-크르에스올,복합성,CAUTION
PPG-10 메틸 글루코오스 에터,건성,GOOD
PPG-10 메틸 글루코오스 에터,지성,CAUTION
PPG-10 메틸 글루코오스 에터,복합성,CAUTION
다이스오다이움 페닐 다이벤즈이므이드아즈올레 테트라스우르프오느에이트,건성,NORMAL
다이스오다이움 페닐 다이벤즈이므이드아즈올레 테트라스우르프오느에이트,지성,CAUTION
다이스오다이움 페닐 다이벤즈이므이드아즈올레 테트라스우르프오느에이트,복합성,NORMAL
페퍼민트잎오일,건성,CAUTION
페퍼민트잎오일,지성,CAUTION
페퍼민트잎오일,복합성,CAUTION
미리스토일 헥사펩타이드-16,건성,NORMAL
미리스토일 헥사펩타이드-16,지성,NORMAL
미리스토일 헥사펩타이드-16,복합성,NORMAL
미리스토일 펜타펩타이드-17,건성,NORMAL
미리스토일 펜타펩타이드-17,지성,NORMAL
미리스토일 펜타펩타이드-17,복합성,NORMAL
다이아이소스테아오일 폴리글리세릴-3 다이머 다이리놀리에이트,건성,NORMAL
다이아이소스테아오일 폴리글리세릴-3 다이머 다이리놀리에이트,지성,NORMAL
다이아이소스테아오일 폴리글리세릴-3 다이머 다이리놀리에이트,복합성,NORMAL
소듐 아크릴레이트/C10-30 알킬 아크릴레이트 크로스폴리머,건성,NORMAL
소듐 아크릴레이트/C10-30 알킬 아크릴레이트 크로스폴리머,지성,NORMAL
소듐 아크릴레이트/C10-30 알킬 아크릴레이트 크로스폴리머,복합성,NORMAL
휴먼 아다이프오스에 드에르이브에드 줄기 세포 컨디셔닝 배지,건성,NORMAL
휴먼 아다이프오스에 드에르이브에드 줄기 세포 컨디셔닝 배지,지성,NORMAL
휴먼 아다이프오스에 드에르이브에드 줄기 세포 컨디셔닝 배지,복합성,NORMAL
프로판,건성,NORMAL
프로판,지성,NORMAL
프로판,복합성,NORMAL
루틴,건성,NORMAL
루틴,지성,NORMAL
루틴,복합성,NORMAL
보검선인장열매추출물,건성,NORMAL
보검선인장열매추출물,지성,NORMAL
보검선인장열매추출물,복합성,NORMAL
하이드롤라이즈드태반단백질,건성,GOOD
하이드롤라이즈드태반단백질,지성,NORMAL
하이드롤라이즈드태반단백질,복합성,NORMAL
C15-19 알크안,건성,GOOD
C15-19 알크안,지성,GOOD
C15-19 알크안,복합성,GOOD
다이르이느올레익 애씨드/프로판다이올 코폴리머,건성,GOOD
다이르이느올레익 애씨드/프로판다이올 코폴리머,지성,CAUTION
다이르이느올레익 애씨드/프로판다이올 코폴리머,복합성,NORMAL
크에트일하이드록시프르올인 팔미타마이드,건성,GOOD
크에트일하이드록시프르올인 팔미타마이드,지성,NORMAL
크에트일하이드록시프르올인 팔미타마이드,복합성,GOOD
CI 77510,건성,NORMAL
CI 77510,지성,NORMAL
CI 77510,복합성,NORMAL
레몬유칼립투스오일,건성,CAUTION
레몬유칼립투스오일,지성,CAUTION
레몬유칼립투스오일,복합성,CAUTION
브이오트이느오일 트라이펩타이드-1,건성,NORMAL
브이오트이느오일 트라이펩타이드-1,지성,NORMAL
브이오트이느오일 트라이펩타이드-1,복합성,NORMAL
에틸 므에느티안 카복사마이드,건성,NORMAL
에틸 므에느티안 카복사마이드,지성,NORMAL
에틸 므에느티안 카복사마이드,복합성,NORMAL
포타슘 아크릴레이트/C10-30 알킬 아크릴레이트 크로스폴리머,건성,NORMAL
포타슘 아크릴레이트/C10-30 알킬 아크릴레이트 크로스폴리머,지성,NORMAL
포타슘 아크릴레이트/C10-30 알킬 아크릴레이트 크로스폴리머,복합성,NORMAL
호호바 오일/마카다미아 씨오일 에스터,건성,GOOD
호호바 오일/마카다미아 씨오일 에스터,지성,GOOD
호호바 오일/마카다미아 씨오일 에스터,복합성,GOOD
아파니조메논플로스아쿠아추출물,건성,NORMAL
아파니조메논플로스아쿠아추출물,지성,NORMAL
아파니조메논플로스아쿠아추출물,복합성,NORMAL
CI 77289,건성,NORMAL
CI 77289,지성,NORMAL
CI 77289,복합성,NORMAL
프이트오스트에르일 므아크아드아므이에이트,건성,GOOD
프이트오스트에르일 므아크아드아므이에이트,지성,NORMAL
프이트오스트에르일 므아크아드아므이에이트,복합성,GOOD
다이아이소프로필 다이머 다이리놀리에이트,건성,GOOD
다이아이소프로필 다이머 다이리놀리에이트,지성,CAUTION
다이아이소프로필 다이머 다이리놀리에이트,복합성,NORMAL
소듐 스테아레이트,건성,CAUTION
소듐 스테아레이트,지성,NORMAL
소듐 스테아레이트,복합성,NORMAL
아이소프로필 크르오프르오스트에느에이트,건성,NORMAL
아이소프로필 크르오프르오스트에느에이트,지성,NORMAL
아이소프로필 크르오프르오스트에느에이트,복합성,NORMAL
하이드롤라이즈드마린콜라겐,건성,GOOD
하이드롤라이즈드마린콜라겐,지성,NORMAL
하이드롤라이즈드마린콜라겐,복합성,NORMAL
귤추출물,건성,NORMAL
귤추출물,지성,NORMAL
귤추출물,복합성,NORMAL
팔미토일 헥사펩타이드-19,건성,NORMAL
팔미토일 헥사펩타이드-19,지성,NORMAL
팔미토일 헥사펩타이드-19,복합성,NORMAL
코크아므이드오프로필아므인 오엑스이드에,건성,NORMAL
코크아므이드오프로필아므인 오엑스이드에,지성,NORMAL
코크아므이드오프로필아므인 오엑스이드에,복합성,NORMAL
DMPA/아이소프티알익 애씨드/SMDI 코폴리머,건성,NORMAL
DMPA/아이소프티알익 애씨드/SMDI 코폴리머,지성,NORMAL
DMPA/아이소프티알익 애씨드/SMDI 코폴리머,복합성,NORMAL
엔-부틸알코올,건성,CAUTION
엔-부틸알코올,지성,NORMAL
엔-부틸알코올,복합성,CAUTION
다이스이르오엑스안,건성,NORMAL
다이스이르오엑스안,지성,NORMAL
다이스이르오엑스안,복합성,NORMAL
안토시아닌,건성,NORMAL
안토시아닌,지성,NORMAL
안토시아닌,복합성,NORMAL
에틸헥실다이메틸파바,건성,NORMAL
에틸헥실다이메틸파바,지성,NORMAL
에틸헥실다이메틸파바,복합성,NORMAL
프이트오스트에르일 스우느프르오우에르스에에드에이트,건성,NORMAL
프이트오스트에르일 스우느프르오우에르스에에드에이트,지성,CAUTION
프이트오스트에르일 스우느프르오우에르스에에드에이트,복합성,NORMAL
폴리글리세릴-3 세테아릴 에터 올리베이트,건성,NORMAL
폴리글리세릴-3 세테아릴 에터 올리베이트,지성,CAUTION
폴리글리세릴-3 세테아릴 에터 올리베이트,복합성,NORMAL
CI 77947,건성,NORMAL
CI 77947,지성,NORMAL
CI 77947,복합성,NORMAL
크아스트오르 오일/IPDI 코폴리머,건성,NORMAL
크아스트오르 오일/IPDI 코폴리머,지성,NORMAL
크아스트오르 오일/IPDI 코폴리머,복합성,NORMAL
므알에에이트드 스오이브에아느 오일 글리세릴/옥틸도데칸올 에스터,건성,NORMAL
므알에에이트드 스오이브에아느 오일 글리세릴/옥틸도데칸올 에스터,지성,NORMAL
므알에에이트드 스오이브에아느 오일 글리세릴/옥틸도데칸올 에스터,복합성,NORMAL
